decision,medical_review_notes,id,final_split,topic,source_line,instruction,output
,,test-00040-c11701981b40,test,acupuncture_and_meridians,40,中医中的是指(例如：寒湿内盛、脾胃虚弱等)，表现为(例如：腹胀、消化不良、大便干燥等)的一种疾病。中医认为的发生和、等因素有关，需要通过(例如：调整饮食、按摩、针灸等)来治疗。同时，在日常生活中需要注意调理身体、保持情绪稳定等方面的问题，以达到预防和治疗的目的。,是指由于(例如：寒湿内盛、脾胃虚弱等)导致的腹胀、消化不良、大便干燥等症状。中医认为的发生和、等因素有关，需要采取调整饮食、按摩、针灸等方法来治疗。同时，在日常生活中需要注意调理身体、保持情绪稳定等方面的问题，以达到预防和治疗的目的。
,,test-00075-cead5baa1b91,test,acupuncture_and_meridians,75,中医中提到的部位和功能是什么意思？,在中医理论中，部位指的是人体各个脏腑、经络、穴位等的具体位置。功能则是指各个脏腑、经络、穴位等在人体生理活动中所发挥的作用。中医认为，人体是一个有机整体，各个部位相互联系、相互影响，通过调和阴阳、气血、脏腑等功能，可以达到保健、防病、治病的目的。
,,test-00133-5060d438dd40,test,acupuncture_and_meridians,133,请根据中医理论，谈谈活血定痛的机制。,活血定痛是中医理论中的一种治疗方法，其主要作用是促进血液循环，消除瘀血，以达到止痛的目的。在中医理论中，疼痛是由于气血运行不畅，导致局部气血瘀滞，从而引发疼痛。因此，通过活血化瘀的方法，可以疏通经络，调和气血，消除疼痛。常用的活血定痛药物有川芎、红花、桃仁等。
,,test-00217-1b02f7cc82f2,test,acupuncture_and_meridians,217,鸽子视网膜营养不良是否有可能用传统中药进行治疗？,针对鸽子视网膜营养不良的情况，通常来说，中医药的介入更多的是辅助性措施，可能涉及一些补肝、养血和清热活血等原理。在中医理论中，眼部疾患多与肝、肾关系密切。具体到鸽子，治疗方法可能需要根据兽医的专业判断和建议进行。目前没有直接用于鸽子视网膜营养不良的中药推荐或确切方案。然而，可以尝试结合传统保健方法（如定期按摩鸽子眼睛周围的穴位）、合理的饲养习惯（高维生素食物供给）等综合性疗法，以促进康复。务必在专业兽医指导下实施。
,,test-00243-edae060acab2,test,acupuncture_and_meridians,243,我常感焦虑和紧张，有轻微抑郁症状，在中医理论上属于什么范畴？如何通过针灸进行改善?,中医将焦虑、抑郁等症状归纳于“情志不宁”、“郁症”等范畴，并认为其主要由情绪过度波动或气机失调引起。可采用针灸调理，如选用心经穴(如内关穴)来调节情绪、促进气血流通；以及任脉穴（如膻中穴）帮助舒缓呼吸和心理紧张。另外，选取足少阴肾经的涌泉穴等进行按摩、点按或拔罐以缓解焦虑和抑郁。但在实施前务必咨询专业医师并根据个人体质、病情具体定制治疗方案。同时，调整生活方式，保持健康作息、适度运动及饮食平衡也很关键。
,,test-00258-55180f1b31e1,test,acupuncture_and_meridians,258,我想了解《黄帝内经》的内容。,《黄帝内经》是中医学的重要经典之一，共分为《素问》和《灵枢》两部分。其中，《素问》主要介绍了中医的理论基础、病因病机、诊断方法等内容，包括阴阳五行学说、气血运行、脏腑经络等概念；《灵枢》则以人体解剖为基础，讲述了疾病的预防与治疗、针灸、按摩等治疗方法。《黄帝内经》是中医学的重要经典之一，对于中医学的研究和应用有着重要的作用。如果您想深入了解《黄帝内经》，可以去图书馆或书店查找相关资料，或者参加相关的培训课程。
,,test-00376-e18fdbd5e327,test,acupuncture_and_meridians,376,什么是肝火旺？,在中医中，肝主疏泄，在人体内部起着很重要的调节作用。如果肝脏功能失调，就会出现肝火旺的情况。肝火旺表现为口干、口苦、头晕目眩、易怒、失眠等症状。肝火旺还会导致消化系统问题，如胃酸过多、食欲不振、便秘等。因此，如果发现自己有肝火旺的症状，应及时调理，通过中医的方法来改善肝脏功能，降低肝火。可以通过饮食调节、针灸按摩、中药治疗等方式来进行治疗，帮助恢复正常的肝功能。同时也要避免熬夜、情绪激动、过度疲劳等不良的生活习惯，保持良好的生活习惯和心态，对缓解肝火旺有很好的作用。
,,test-00581-adaecdacdfc2,test,acupuncture_and_meridians,581,心包炎的中医疗法有哪些？,对于心包炎，中医治疗常以温经活血、化湿散结为主。可采用如桂枝汤加减、小陷胸汤等方剂，并配合针灸、拔罐、刮痧等非药物疗法。同时建议患者调整生活方式，注意饮食和休息，避免劳累和情绪波动。
,,test-00652-3d02a305042e,test,acupuncture_and_meridians,652,中医有什么方法可以治疗'胸腹满闷'的症状？,胸腹满闷可能是由于气机不畅、湿阻中焦或脾胃虚弱等原因引起的。中医治疗时，应根据具体证型来选择方剂。例如，如果是由于湿阻中焦导致的，可以选用平胃散；若是脾胃虚弱，可考虑使用六君子汤。此外，还可通过针灸、推拿等外治法来辅助治疗，以促进气血流通，缓解症状。
,,test-00790-3a53cd3391db,test,acupuncture_and_meridians,790,请描述一下中医在预防疾病方面的优势。,中医在预防疾病方面具有独特的优势。首先，中医注重整体观念和个体化治疗，通过辨证论治，调节人体的阴阳平衡，提高机体的自我修复能力。其次，中医注重生活方式的调整，如饮食、起居、情志等，通过改变不良生活习惯，预防疾病的发生。再次，中医拥有丰富的预防疾病经验和方法，如推拿、按摩、针灸、拔罐等，这些方法简便易行，副作用小，深受人们喜爱。总之，中医在预防疾病方面具有显著的优势，值得进一步推广和应用。
,,test-00915-0d837b8c29aa,test,acupuncture_and_meridians,915,我想通过中医调理达到改善睡眠质量的目的，有什么实用的养生方式或草药吗？,为了改善睡眠问题，可以通过中医针灸、按摩等方式进行身体调整，并结合食用安神助眠的中药如酸枣仁、茯苓等。建议在专业医师指导下进行个性化的调理计划。
,,test-01171-e0e68e7b5d10,test,acupuncture_and_meridians,1171,请根据中医理论，为一位经常感到小腹胀的病人提供一个生活建议。,中医认为小腹胀可能与脾胃虚弱、消化不良或水液停滞有关。建议病人调整饮食，避免过量摄入寒凉、生冷、油腻和不易消化的食物。可以适量食用山楂、陈皮等助消化食物。同时，建议保持规律的作息，适当运动，如散步或练习太极拳，促进气血流通。此外，可以考虑接受中医的腹部按摩或艾灸治疗，以帮助缓解症状。
,,test-01195-8b08318b00c5,test,acupuncture_and_meridians,1195,最近总是感觉耳朵里面有风，听力也有所下降，中医有什么好的治疗方法吗？,根据您描述的症状，在中医学中，这可能是属于'风寒闭耳'的证候。治疗上，中医可能会推荐使用具有祛风散寒、通络开窍的中药，如防风、细辛、白芷等。同时，也可以结合针灸、耳穴压丸等外治法进行治疗。建议您到中医医院进行详细诊断和治疗。
,,test-01388-78941fdbf47e,test,acupuncture_and_meridians,1388,中医中，头痛如劈一般是什么原因引起的？,在中医理论中，头痛如劈往往与肝阳上亢、肝风内动或痰瘀阻络有关。这些病因可能导致头部经络受阻，气血运行不畅，从而引发剧烈头痛。治疗时，中医可能会根据具体病因采取平肝潜阳、活血化瘀或祛痰通络等方法。
,,test-01408-dc0403165d5c,test,acupuncture_and_meridians,1408,白接骨在中医中的作用是什么？,白接骨是中医药物中的一种，通常指代具有活血化瘀、止痛接骨的作用的药物。例如，白接骨草、白芷等，在治疗跌打损伤、骨折或关节扭伤时能有效缓解疼痛和促进愈合。通过活血化瘀来消除淤积在体内的停滞物质，达到疏通经络，增强机体自愈能力的功效。
,,test-00009-28123609b103,test,clinical_conditions,9,孕妇能吃竹叶棕吗？是否有益？,竹叶棕为中医食疗中的佳品，含有多种氨基酸及维生素等成分，可滋阴清热、利水消肿，适合体质偏虚燥的人群。孕期适量食用一般不会对母体和胎儿产生不良影响。但孕妇在使用任何药物或中草药之前均应咨询医生的意见，并注意是否符合个人健康状况，特别是患有慢性疾病或存在特定饮食禁忌的孕妇更需谨慎。
,,test-00186-84650eed7e56,test,clinical_conditions,186,为什么在中医中使用“望闻问切”的诊断方式？,“望闻问切”是中医诊疗中的核心方法，旨在通过观察患者的外在表现（望）、听取病情描述（闻）、详细询问病史及感受（问）和体格检查（切脉、看舌苔等），全面了解患者的整体健康状况，并据此作出准确诊断。这些诊断方式互相补充，以期得到最完整的病情信息。
,,test-00210-9b3a40139545,test,clinical_conditions,210,中医认为夏季是治疗哪些疾病的最佳时机？,中医认为夏季阳气旺盛，人体腠理疏松，是治疗某些冬季易发的疾病的最佳时机，如风湿性关节炎、哮喘、慢性支气管炎等。此时采取适当的治疗方法，如冬病夏治，可以增强体质，减少冬季发病的可能性。
,,test-00254-cbb9a8b9bca9,test,clinical_conditions,254,以下哪种症状属于中医所说的‘瘀血流注证’？,瘀血流注证属于中医的病证范畴，主要表现为身体局部或全身出现固定的疼痛、肿块、青紫、瘀斑等症状。因此，固定性疼痛属于瘀血流注证的症状。
,,test-00294-47a7cf66c00d,test,clinical_conditions,294,甚绵绵不绝与脉弦细在临床诊断中的应用,探讨甚绵绵不绝与脉弦细在中医临床诊断中的应用价值
,,test-00332-daab2aac5bdc,test,clinical_conditions,332,广藿香在中医中属于哪一类药物？,广藿香在中医中属于芳香化湿药。它具有化湿、解暑、开胃的作用，常用于治疗湿阻中焦、暑湿感冒等症状。
,,test-00417-c505cfafcc18,test,clinical_conditions,417,为什么会出现风热感冒的症状？,风热感冒多因感受外感风热之邪，或体内蕴热外泄，受凉后引发。症状包括发热重、微恶寒或无汗，头痛且胀，咳嗽喉痒，咽喉红肿疼痛，舌尖红、脉浮数等。常见诱因为暑热气候、工作生活劳累或身体抵抗力下降。
,,test-00455-632751c9dae7,test,clinical_conditions,455,月经过少可能的症状有哪些？,月经过少可能会出现以下症状：月经周期不规律、流量明显减少（有时候仅能通过尿液检查才能察觉到血液）、颜色较深或淡薄，以及在特定情况下可能出现经期疼痛、乳房胀痛或疲劳等症状。这可能会影响女性的生活质量和日常活动。
,,test-00817-12887be805e2,test,clinical_conditions,817,什么是中医的'渴不欲饮'症状？,中医中的'渴不欲饮'是指患者感到口渴，但又不想或不愿饮水，或者饮水后不适。这通常与脾胃功能失调有关，可能是湿热内蕴或脾胃虚弱的症状之一。
,,test-00874-5749d44770ea,test,clinical_conditions,874,了解防风的常见副作用和使用禁忌。,在合理用量下，防风一般不会有明显副作用或药物相互作用的风险。不过，在个别敏感体质者中可能会出现皮疹、腹泻等反应。其使用禁忌主要包括孕妇、月经过多或经期妇女以及有脾胃虚寒症状的人应慎用，以免引发不良反应或加重身体不适。
,,test-00949-5bfbd19bc740,test,clinical_conditions,949,尿失禁和遗尿的区别是什么？,尿失禁是无法控制的自主排尿，通常是由于膀胱括约肌功能受损引起。而遗尿则是一种疾病状态，在儿童中较为常见，表现为5岁以上儿童仍不能控制夜间尿液排出的现象；在成人中，可能与焦虑、神经系统疾病或某些药物副作用有关。
,,test-00951-7dcb0c016763,test,clinical_conditions,951,中医中，'证'与'病'有何区别？,在中医理论中，'证'是对疾病发展过程中某一阶段的病理概括，包括病因、病位、病性和邪正盛衰等方面；而'病'则是对疾病全过程的特点与规律的概括。简单来说，'证'强调的是当前状态，'病'则关注整个过程。
,,test-01270-c3cf6a495b0e,test,clinical_conditions,1270,在中医中，梅花有什么特殊的作用吗？,在中医中，梅花不仅仅是一种观赏植物，其花瓣在中医学中也被认为有一定的药用价值，如梅花性温味酸，归肝、肺、胃经，可以疏肝解郁、理气和中，常用于治疗胸闷、胁痛、呕吐等症状。
,,test-01340-de9b07088b6a,test,clinical_conditions,1340,鹿茸在中医中有何作用与使用方法？请提供详尽说明。,鹿茸是中医常用的一种名贵滋补品，主要来源于梅花鹿或马鹿。它性温，味甘，具有补肾壮阳、益精血、强筋骨及促进生长的作用。在实际应用中，可以煎水饮用或配合其他药物入药。一般用于肾虚所致的腰膝酸软、性功能减退等症，并适用于手术后、产后调理以加快身体恢复。使用时需注意用量不宜过多，避免上火副作用的发生。
,,test-01341-fc6ff85b29ae,test,clinical_conditions,1341,我的爷爷有动脉硬化的问题，可以试试什么中成药？例如通脉丹的作用如何？,通脉丹通常用于辅助改善心血管疾病相关的症状，并可能有助于软化硬化的血管。该药物成分包含黄芪、当归、川芎等多种草药，能益气活血。然而，具体使用方法和剂量应依据患者的具体身体情况来确定。建议在专业医生的指导下服用，特别是对于老年人来说，要仔细权衡药物的风险与预期效益，同时避免与其他药物可能产生的相互作用。
,,test-00054-8e54d5cb582c,test,general_tcm_knowledge,54,请描述一下瘀阻胃络证的临床表现。,瘀阻胃络证的临床表现主要有脘腹胀痛、拒按、痛有定处、食少纳呆、呕吐涎沫、大便色黑如漆等。
,,test-00085-4b000a3d1edd,test,general_tcm_knowledge,85,请描述一下中医中的脉弦滑是什么感觉。,脉弦滑是指脉搏感觉紧张有力，如同按在紧绷的琴弦上，同时带有滑动的触感，犹如珠子在指下滚动。这种脉象多见于实热证或痰湿内阻的情况。
,,test-00091-48e2a03b32c3,test,general_tcm_knowledge,91,在中医里，“五味”指的是什么？如何调节身体以适应“五味”的特性？,‘五味’是指中医理论中的酸、甜、苦、辛、咸，与食物的口味相对应。调节身体时需考虑个体差异，如适度食用具有调节作用的食物或药物。例如，酸入肝、养筋；甘可润燥，滋养脏腑等。具体的食疗方法需结合个人体质和健康状态，在中医师指导下进行调整。
,,test-00156-61512a898639,test,general_tcm_knowledge,156,以下哪个季节最适合进行中医养生？,中医认为，春季是万物复苏的季节，阳气上升，最适合进行中医养生。在春季，人们应该注重养阳、护肝、调畅情志，适当进行户外活动，以增强身体免疫力。
,,test-00238-71bc15ddf394,test,general_tcm_knowledge,238,中医中提到的“气”是什么概念？,在中医理论中，“气”是人体生命活动的基本物质，是构成人体和维持生命活动的基础。中医认为，气有多种功能，包括推动、温煦、防御、固摄、气化、营养等。
,,test-00261-823f44194eb0,test,general_tcm_knowledge,261,我总是忘事，有记忆力下降的问题。这是怎么一回事？和中医理论中的哪个方面相关联呢？,记忆下降可能由多种因素导致，如压力过大、生活习惯不当或年龄增长等。中医理论上认为这与肾精亏损有关。可以通过滋补肾脏、养肝明目等方面进行调治，并在日常生活中注意饮食、睡眠和适度锻炼。请咨询专业的中医生，结合自身实际情况，获得个性化的建议。
,,test-00370-be9c05d70c61,test,general_tcm_knowledge,370,什么是香叶树？在中医中它有什么作用？,香叶树是一种广泛存在于热带地区的植物，其叶子带有香气。在传统中医理论中，该树的叶片常被用作驱虫、提神醒脑以及作为药食两用材料使用。例如在一些古老的医书中记载了使用它的汁液涂抹于皮肤来缓解蚊虫叮咬或用来烹饪某些传统食品以增加香味。请注意，在实际应用时应该遵从专业中医师指导，确保正确使用和避免过敏反应或其他可能的副作用。
,,test-00388-75ef6dbaa701,test,general_tcm_knowledge,388,胆囊结石的饮食应如何调整？,针对胆囊结石患者的饮食调养，主要目的是减少胆汁浓缩和形成结石的机会，因此应该注意以下几个方面：多吃高纤维食物、避免过量脂肪尤其是动物性油脂的食物；严格控制盐分摄入以减轻肝脏和胆囊负担；每日定时进食并避免暴饮暴食。建议咨询专业医生获取针对个体状况的个性化饮食建议。
,,test-00416-f253bfbdabb2,test,general_tcm_knowledge,416,请根据中医理论，将以下药物分为不同的类别：人参、没药、甘草、生姜。,人参、没药属于补虚药；甘草属于调和药；生姜属于温里药。
,,test-00418-8d594e6bb281,test,general_tcm_knowledge,418,为什么中医强调‘春夏养阳，秋冬养阴’？,春夏季节自然界阳气旺盛，人体也应顺应自然，养护阳气，以促进人体的生长和发育；而秋冬季节自然界阴气较盛，人体应该养护阴气，以保持身体的温暖和津液的充足，避免干燥和寒冷对身体的伤害。
,,test-00434-5da8f2463926,test,general_tcm_knowledge,434,有人说绞股蓝有毒，有人说绞股蓝无毒，那么绞股蓝到底有没有毒？,绞股蓝在传统中医中被认为是一种安全的中草药，常用于清热解毒、润肺止咳。然而，任何药物都有可能产生不良反应，特别是过量使用时。因此，建议在专业中医师的指导下使用。
,,test-00606-e852c943e8cb,test,general_tcm_knowledge,606,当归具有哪些主要活性成分？,当归的主要活性成分为挥发油、阿魏酸、藁本内酯以及多种维生素等。其中，阿魏酸被认为对心血管系统有积极作用。
,,test-00663-3e42131fde37,test,general_tcm_knowledge,663,为什么中医认为‘苦’能降火？,中医认为五味对应五脏，苦味对应心脏。心火过旺时，适量食用苦味食物可以清心火，从而达到降火的效果。但过量食用苦味食物会损伤脾胃，因此需适量。
,,test-00780-a99ec2149804,test,general_tcm_knowledge,780,中医中，'肝郁脾虚'是如何导致大便涩滞的？请分析其机理。,在中医理论中，肝主疏泄，脾主运化。肝郁则疏泄失常，影响脾的运化功能，导致脾虚。脾虚则水湿内停，大便因湿阻而涩滞。同时，肝郁化火，热灼津液，也可导致大便干结。因此，肝郁脾虚可导致大便涩滞。
,,test-01308-d9ccf83ed2b6,test,general_tcm_knowledge,1308,木天蓼是中草药之一，在使用过程中需要留意哪些事项？,木天蓼具有较强的泻下作用，使用时应注意：一是用量要控制在安全范围（如3-9g），过量可能会导致严重腹泻甚至电解质紊乱；二是孕妇、哺乳期妇女、消化道溃疡患者、年老体弱者慎用或禁用。
,,test-00178-1cce005e8f80,test,materia_medica_and_formulas,178,吸收不良综合征的中医治疗建议使用什么方剂？,对于吸收不良综合征这类病症，中医通常会根据个体具体表现分为不同的证型进行辨治。比如若是属于脾虚湿困所致者，可以考虑用参苓白术散加减；若属于肝郁气滞、脾胃不和所致，可以使用四逆散合六君子汤调理；如有湿热内蕴的情况，则以清中益气为主。需要在专业医生指导下具体确定方剂及其用量。
,,test-00342-4b0ee54ed132,test,materia_medica_and_formulas,342,葶苈子这味中药通常用于治疗哪些病症？,葶苈子性味苦寒，归肺、膀胱经。在中医中，它通常用于治疗肺热痰壅、咳嗽气喘、水肿、小便不利等症。具体应用时需根据个人体质和病情，建议在中医师指导下使用。
,,test-00423-b49647fac495,test,materia_medica_and_formulas,423,泽泻是一种常用的中药，它主要归于哪一经脉？,泽泻主要归于肾经和膀胱经。在中医理论中，泽泻有利水渗湿、泄热通淋的作用，常用于治疗水肿、小便不利、湿热淋证等病症。
,,test-00424-f5636e28ff13,test,materia_medica_and_formulas,424,请根据中医理论，将以下中药食材分为寒性、热性和平性：生姜、大枣、甘草、绿豆。,根据中医理论，生姜属于温性，具有温中散寒、止呕、止咳、解毒等作用；大枣属于温性，具有补中益气、养血安神的效果；甘草属于平性，具有调和药性、缓急止痛、清热解毒等功效；绿豆属于寒性，具有清热解毒、消暑利尿的作用。
,,test-00469-acc7ac322627,test,materia_medica_and_formulas,469,中医中的'火盛伤阴证'是什么意思？,'火盛伤阴证'是中医学中的一种病证，指的是由于体内的火气过盛，耗伤了阴液，导致身体出现一系列干燥、热盛的症状。临床表现常见口干、咽燥、手足心热、烦躁、失眠、便秘等。治疗时，应采用清热养阴的方法，如使用知柏地黄丸等方剂。
,,test-00543-5f6b9c8aad77,test,materia_medica_and_formulas,543,佛手在治疗中有什么特点和作用？,佛手作为一种中医中的常见草药，在中医学上有其独特的特点和作用。它具有行气止咳、解郁安神的功效，常用于调理肝气郁结引起的胸闷不舒、情绪低落等症状；此外，它也适用于脾胃不调造成的消化不良、恶心呕吐等情况。因此，在临床上，佛手往往被用来缓解因情志失调导致的多种慢性疾病，尤其对于焦虑抑郁或胃部不适患者有着很好的疗效。
,,test-00573-90e4746e76a5,test,materia_medica_and_formulas,573,什么是生姜黄芩汤？,生姜黄芩汤是中医方剂中的一种，由黄连、生姜、人参等中药组成。黄芩有清热解毒、凉血止血的功效；生姜可以温阳散寒、解表发汗、化痰止咳；人参则具有益气补虚、健脾开胃的作用。这个方剂主要用于治疗风寒感冒、咳嗽、咽喉肿痛等症状，能够清热解毒、宣肺化痰、止咳平喘。在中医理论中，生姜黄芩汤属于温解药方，适用于体寒症状比较明显的人群，但是如果您有其他病情或身体状况，请先咨询医生后再进行使用。
,,test-00656-a095dd1b47df,test,materia_medica_and_formulas,656,流于胁下者为悬饮，这是什么意思？,这是中医术语，'悬饮'是指体内液体停留在胸胁部位，形成的一种病理状态。常见于慢性支气管炎、肺气肿等疾病中，患者会感到胁下有水声，呼吸急促等症状。中医治疗通常会用利水渗湿、温阳化气的方剂，如五苓散、真武汤等。
,,test-00804-91ee26d54e95,test,materia_medica_and_formulas,804,我有牙痛并且伴有口臭的症状，如何用中药治疗？,牙痛并伴有口臭可能与多种因素相关，例如龋齿、牙周病等口腔疾病。中医理论认为，牙痛可能源于肝火上炎或者胃热导致的病症。建议咨询专业中医师进行准确判断病因，因为不同原因的治疗方法会有差异。一般的处理方式可以包括清热解毒类草药如黄连、金银花、蒲公英等以及消肿止痛的中药。但切记，自我诊断和治疗存在风险，请在专业人士指导下进行。
,,test-00891-ab135124d595,test,materia_medica_and_formulas,891,柴胡在中医中通常用于治疗哪些症状？,柴胡是常用的中药之一，具有疏肝解郁、升阳举陷、清热解毒等功效。在中医中，柴胡常用于治疗肝郁气滞、情绪抑郁、妇女月经不调、胸胁胀痛等症状。例如，柴胡疏肝散就是以柴胡为主要药材的方剂，用于治疗肝郁气滞所致的胸闷、胁痛等症。
,,test-00892-dad1b77b499d,test,materia_medica_and_formulas,892,人工牛黄在中药中的主要功效有哪些？,人工牛黄具有清热解毒、开窍醒神的功能，常用于急症的抢救和热病中暑等疾病。其具体作用包括缓解发热、减轻痉挛等症状，并可用于脑水肿、急性呼吸衰竭等重症情况的辅助治疗。
,,test-00996-6939cd50c145,test,materia_medica_and_formulas,996,请简要介绍湿热下注的症状和治疗方法。,湿热下注是指湿热之邪侵犯人体，导致气血运行不畅，常见症状包括肢体酸重、小便短赤、大便黏滞等。治疗方法主要是清热利湿，可以采用中药方剂如三黄煎丸、茵陈蒿汤等，同时注意饮食清淡，避免辛辣、油腻食物，适当运动，促进气血流通。
,,test-01089-a2f36e889f97,test,materia_medica_and_formulas,1089,血瘀疼痛的症状特征及适宜中药治疗？,血瘀导致的疼痛常表现为局部刺痛、瘀斑，伴有舌质暗、脉沉涩等表现。常用活血化瘀药如丹参、桃仁、红花、三七来调理，以促进气血运行，消除局部瘀滞。
,,test-01330-b7eeca7e131f,test,materia_medica_and_formulas,1330,肿瘤转移时如何选择治疗方法？是否都适合采用中药治疗？,对于肿瘤转移患者而言，治疗策略应基于具体病情、扩散程度和身体状况综合考虑。现代医学可能包括化疗、放疗以及手术等手段。使用中药作为辅助治疗或改善生活质量可以考虑，但不建议将单一中医药疗法取代标准医疗干预，特别是癌症这种需要专业诊断与科学治疗方法的疾病。最好结合传统中医诊疗进行个性化治疗方案，并在专业医师指导下进行。
,,test-01389-7c98ef886ad0,test,materia_medica_and_formulas,1389,请推荐一种适合调理脾胃的中药方剂。,适合调理脾胃的中药方剂有四君子汤、六君子汤等。其中，四君子汤由人参、白术、茯苓、炙甘草组成，具有补气健脾、调理脾胃的功能，适用于脾胃气虚、食少便溏、面色无华、语声低微等症状。
,,test-00146-f95a75aa1fd0,test,modern_research,146,裸柱菊主要用于哪类疾病的治疗？其主要药用成分是什么？,裸柱菊在中医中主要用于清热解毒，对于痈疮肿毒、湿热黄疸等症状具有较好的疗效。其药用成分主要包含了苦味酸苷、生物碱等物质，通过这些活性成分发挥作用。
,,test-00393-582d6821aa62,test,modern_research,393,中医辨证论治是什么意思？,中医辨证论治是一种传统的中医诊断方法，即根据患者的病情、体质和病因等综合情况进行分析和判断，确定疾病的类型、病情轻重、病程长短、病变部位等因素，进而制定合理的治疗方案。中医认为，疾病的形成和发展是由多种因素综合作用的结果，如情志不畅、饮食不当、气候变化、劳累过度、外伤等原因都可能导致疾病的发生和发展。而通过辨证论治，可以了解到患者的具体病情和病因，从而采用针对性的治疗措施，达到最佳的治疗效果。中医辨证论治包括望闻问切四诊方法，即通过观察患者的面色、舌苔、脉象等外在表现来了解疾病的程度，询问患者的病情、症状、饮食、睡眠等方面的信息来了解病因，摸诊患者的身体部位来确定病变部位和病情轻重等，综合分析后制定合理的治疗方案。中医辨证论治是中医诊疗的重要方法之一，对于提高治疗效果和预防疾病的发生都具有重要意义。
,,test-00797-ff938a637f26,test,modern_research,797,比较分析包含菰手与不包含菰手的两个中成药治疗糖尿病的有效性和安全性。,为了进行此比较分析，首先需要收集含有菰手和不含菰手的两种中成药对2型糖尿病患者的疗效、不良反应等数据。然后通过临床试验或者回顾性数据分析方法评估两组在血糖控制、胰岛素敏感性、副作用发生率等方面的表现。最终形成结论并撰写分析报告。
,,test-01214-4f6c5dc45e90,test,modern_research,1214,请分析一下‘山茱萸’在中医药中的作用及临床应用。,山茱萸，味酸、甘，性微温，归肝、肾经。在中医药中，山茱萸具有补益肝肾、收敛固涩的作用。临床应用方面，山茱萸主要用于治疗腰膝酸软、头晕耳鸣、遗精滑精、崩漏带下等症状。此外，现代药理研究证实，山茱萸具有抗氧化、抗衰老、增强免疫力等作用。
,,test-00043-5d96ae032cf5,test,syndromes_and_theory,43,我最近总感觉胸闷，心慌气短，经常觉得无力，是不是心脏出了问题？,根据您的症状描述，可能是气虚心悸的证候。建议您去中医医院或诊所进行详细的检查和诊断，以便明确病因并制定合理的治疗方案。同时，保持良好的作息习惯，合理饮食、适量运动也能帮助缓解症状。
,,test-00082-0b185f2c9c9a,test,syndromes_and_theory,82,我总是感到乏力没精神，容易疲倦，这是什么症状？这属于哪一类证候？,您描述的症状可能属于中医学中的气虚或脾虚失调。气虚是指元气不足，表现为疲劳、乏力、活动后加重等症状；脾虚失调则是指脾气虚弱导致的运化水谷功能减弱，影响营养吸收，同样出现疲惫不堪等状况。建议进行详细的中医体质辨识，以确定具体证型并获得相应的调理方案。
,,test-00101-d90cb2b6995b,test,syndromes_and_theory,101,请分析一下中医理论中的‘证候’是如何指导临床治疗的。,中医理论中的‘证候’是中医诊断和治疗的核心概念之一。证候是对疾病过程中某一阶段的病理概括，包括病因、病位、病性和邪正盛衰等多个方面。通过对证候的分析，医生可以确定疾病的性质和病情的轻重，从而制定出相应的治疗方案。
,,test-00147-241c62b9ab1d,test,syndromes_and_theory,147,请简要介绍中医中的'抱轮红赤显著'这一证候。,中医中的'抱轮红赤显著'是温病学说中的一种证候，主要表现为面部潮红、眼睛红肿、口渴、咽干、小便短赤等症状。此证多因外感风热邪毒，侵袭肺卫，热邪上扰所致。治疗上应疏风清热，解毒利咽。
,,test-00182-531502bae1c5,test,syndromes_and_theory,182,糖尿病有哪些证候类型？,糖尿病的中医证候类型主要包括虚火、实热、气滞血瘀、痰湿等，其中虚火多见于糖尿病肾病患者，实热多见于糖尿病酮症酸中毒患者，气滞血瘀多见于糖尿病足患者，痰湿多见于肥胖型2型糖尿病患者。
,,test-00311-a2f418c663c0,test,syndromes_and_theory,311,请推理一下，为什么中医强调要根据个人体质来治疗？,中医认为，每个人的体质都有其特点，因此疾病的发生、发展、治疗和康复都与个人体质密切相关。根据个人体质来治疗，可以更好地调整身体的阴阳平衡，提高治疗效果，减少不良反应。
,,test-00335-083baae05e4c,test,syndromes_and_theory,335,请从中医的角度解释一下'面色不华'这一症状。,'面色不华'是指面部皮肤色泽晦暗、缺乏光泽，多因气血不足、脏腑功能失调所致。在中医理论中，面部的色泽反映了人体内脏腑的功能状态和气血的充盈程度。若面色不华，常见于脾胃虚弱、气血两虚、寒湿内阻等病证。治疗时，应根据具体病因病机进行调理，如补益脾胃、养血活血等。
,,test-00358-7f6709d91053,test,syndromes_and_theory,358,请从中医角度解释一下'滋阴潜阳'的含义。,'滋阴潜阳'是中医术语，指的是通过滋补阴液和抑制阳气的手段来调整人体的阴阳平衡。在中医理论中，阴阳是生命的根本，阴阳失衡会导致各种疾病。滋阴潜阳常用于治疗阴虚阳亢的病证，如高血压、糖尿病等。
,,test-00624-34f20721b3cb,test,syndromes_and_theory,624,我感到胸闷、气短，还伴有心慌、出汗等症状，可能是怎么回事？,根据您的症状，可能是肺气不足或气阴两虚导致的气虚证，也可能是肝肾不足导致的心脏病，或者是情志内伤引起的心理障碍。建议您尽快就医，并进行中医诊断，以确定具体的病因和病情，以便采取正确的治疗方案。
,,test-00920-fdaaebb25b11,test,syndromes_and_theory,920,请从中医角度解释一下什么是证候？,证候是中医学中用来描述疾病发展过程中某一阶段的病理概括，包括病因、病位、病性和邪正盛衰等方面的内容。证候是中医诊断和治疗的基础，通过对证候的分析，医生可以制定出相应的治疗方案。
,,test-01120-ad3bf269c349,test,syndromes_and_theory,1120,夜间尤甚的疾病通常属于哪一类证候？,夜间尤甚的疾病通常与阴盛阳衰有关，可能属于肾阴虚、心阴虚、血瘀等证候类别。中医理论认为夜间为阴时，此时阳气内藏，阴气用事，因此阴虚或血瘀等证候在夜间可能会加剧。
,,test-01137-791081ddea8d,test,syndromes_and_theory,1137,请从中医的角度解释'湿阻气滞证'的病理机制。,湿阻气滞证是指湿邪阻滞气机，导致气血运行不畅的病理状态。湿邪重浊粘滞，容易阻碍气机，使气血运行不畅，从而出现胸闷、脘痞、腹胀、大便不爽等症状。
,,test-01262-c08beccac14f,test,syndromes_and_theory,1262,什么是寒热交替?,寒热交替是中医中的一个术语，指身体内部的气血运行不畅，导致体温忽高忽低、时而发热、时而畏寒、出汗、口干等症状。常见于感冒、流感等疾病初期，也可能是由于外感风邪、内伤情志等原因引起的。中医认为，寒热交替是体内的气血不足，气血运行不畅所引起的一种病症，需要及时治疗调理。
,,test-01278-598cc58a4877,test,syndromes_and_theory,1278,我感到面青唇紫，需要看中医吗？,您的症状可能涉及多个脏腑，建议您尽快就诊中医，进行详细检查。这可能是气滞血瘀或阳虚的表现之一。请先暂停任何自用药，以免加重病情。
,,test-01293-47e388a6a9ac,test,syndromes_and_theory,1293,请根据中医理论，解释惊风抽搐的病因病机。,惊风抽搐在中医理论中，通常与肝风内动、肝火旺盛有关。病因可能是由于外感风邪、内伤情志、饮食不当等原因导致肝气郁结，进而引发肝风内动，表现为惊风抽搐。治疗时，中医会根据具体病因病机，采用疏肝解郁、平肝熄风的方法进行治疗。
,,train-00902-69ee78f684ae,train,acupuncture_and_meridians,902,我在扭序花后出现了一些身体不适，有什么自然疗法吗？,扭伤通常与气滞血瘀、筋骨损伤相关，在中医看来，可以通过以下自然疗法进行处理：应用活血化瘀的草本敷贴或使用热敷，如花椒油或者当归酒；采用局部针灸以疏通经络和肌肉；进行适度的关节活动以恢复活动范围。同时建议适量休息，并在医生指导下实施上述方法。
,,train-01057-68c73dc393f5,train,acupuncture_and_meridians,1057,请描述一下中医治疗心悸的方法。,中医治疗心悸的方法有多种，可以根据病因和体质进行选择。常用的方法包括：1. 药物治疗：使用具有安神、定悸、养心作用的中药，如炙甘草、五味子、酸枣仁等；2. 针灸治疗：通过刺激特定的穴位，调节心脏功能，缓解心悸症状；3. 情志调理：保持良好的心态，避免情绪波动过大，减轻心脏负担；4. 生活调理：保持规律的生活作息，避免过度劳累，适当进行运动，增强心脏功能。
,,train-01268-e89d73c9a95f,train,acupuncture_and_meridians,1268,对症治疗肾横纹肌样瘤，推荐哪些中药方？,对于肾横纹肌样瘤，可考虑以下中药方剂作为辅助治疗或中医疗法的一部分：1. 柴胡桂枝汤合五苓散加减，适用于气滞湿阻、经络不畅的情况。2. 白虎加人参汤加味以清热滋阴、补气解毒。3. 葛根黄连芩汤配伍使用以清热燥湿，用于湿热下注的症状。以上方剂均应在专业医师的指导下使用，不能替代现代医学治疗。
,,train-01979-36bf55537948,train,acupuncture_and_meridians,1979,如何通过中医针灸治疗骨关节炎？,骨关节炎可通过中医疗法缓解，如中医针灸，可以刺激经络和穴位以调整身体的阴阳平衡和气血流通。通常选取太冲、肾俞等穴，并结合特定手法进行针对性操作。具体治疗方案需根据个人症状与体征由专业医师制定。
,,train-02521-d205563e202e,train,acupuncture_and_meridians,2521,中医中有哪些病证？,在中医中，病证是指疾病的症状和表现。中医认为，人体内部的气血、阴阳等生理机能失调，就会出现各种病证，包括：风寒感冒、头痛眩晕、咳嗽痰多、胸闷气喘、心悸失眠、脾胃不和、湿热泻痢、痈疮肿毒、月经不调、痛经等症状。不同的病证有不同的表现，中医根据疾病的症状和表现，采用不同的治疗方法进行调理。中药治疗是一种常用的方法，包括针灸、按摩、拔罐等辅助疗法，可以改善病情，促进身体康复。
,,train-02840-067b7954afd8,train,acupuncture_and_meridians,2840,中医中的'归经'是什么概念？能举几个例子吗？,归经是指中药的药性归属到人体的某一经络或脏器的理论。例如，射干归肺经，能清热解毒，利咽止痛，用于治疗咽喉肿痛等症状；金沸草归胃经，能行气活血，用于治疗胃痛、胸胁胀痛等。这一理论指导中医临床用药，根据疾病所在的经络脏器选择相应的药物。
,,train-03679-8d750079b3ed,train,acupuncture_and_meridians,3679,请描述一下中医治疗胃脘嘈杂的方法。,中医治疗胃脘嘈杂的方法主要有以下几种：1. 药物治疗：常用的中药有黄连、黄芩、半夏、生姜等，可以清热燥湿、降逆止呕。2. 针灸治疗：通过刺激特定的穴位，如中脘、足三里等，可以调节脾胃功能，缓解胃脘嘈杂。3. 膳食调理：避免食用辛辣、油腻、生冷等刺激性食物，多吃易消化、温和的食物，如小米粥、南瓜等。4. 情志调节：保持心情舒畅，避免过度紧张和焦虑，有助于缓解胃脘嘈杂。
,,train-03959-1bec573ac89b,train,acupuncture_and_meridians,3959,中医理论中的'归经'是什么意思？请举例说明。,在中医理论中，'归经'是指药物的作用归属到特定的经络。不同的药物，根据其性质和作用，会对人体不同的经络产生作用。例如，黄连归心经、肝经，能清热解毒，用于治疗心火亢盛、肝火犯胃等症状。归经理论是中药学中指导临床用药的重要原则之一，它帮助医生根据病情选择合适的药物。
,,train-04054-1fb7dccdceef,train,acupuncture_and_meridians,4054,我想了解更多关于桂枝的功效与作用和适合配伍的药物。,桂枝为中医中的重要药材，具有温通经络、散寒解表等功效。常见用于风寒感冒、关节疼痛、肢体麻木等症状。通常搭配干姜、炙甘草、大枣等进行配伍使用，形成如小青龙汤、麻黄汤、桂枝汤等经典方剂。这些组合能增强其温通气血、散寒止痛之效。
,,train-04353-5885968c11cd,train,acupuncture_and_meridians,4353,请分析中医治疗疾病的优势。,中医治疗疾病的优势在于其独特的整体观念和辨证论治的方法。中医注重调整人体的整体功能，通过辨证论治，针对患者的具体病情，制定个性化的治疗方案。此外，中医治疗疾病的方法多样，包括中药、针灸、推拿等，可以根据患者的具体情况选择合适的治疗方法。同时，中医注重预防，通过调整生活习惯和饮食结构，提高人体的自身免疫力，从而达到预防疾病的目的。
,,train-04989-dace29e5fec3,train,acupuncture_and_meridians,4989,我有帕金森综合症的症状，需要哪些中医疗法进行治疗？,帕金森综合症可以通过中医的辨证论治来提供治疗建议。具体可以尝试采用如六味地黄汤、补肾益髓的龟鹿二仙胶等方剂，并配合针灸和推拿疗法。在实施任何中药处方前，您应先咨询中医师以确保与现有药物或其他治疗计划不产生副作用。
,,train-05177-afc5fe69cb47,train,acupuncture_and_meridians,5177,为何在眼部运动障碍中应用针灸治疗？,眼部运动障碍可能与神经传导功能相关的问题有关，在中医看来，这涉及经络系统的运行失常和气血不通。针灸作为中国传统医学疗法，可以通过刺激特定的穴位来调治相应经络系统中的气机不畅或血行阻滞问题，改善局部及整体的血液循环状态以及神经功能，从而缓解眼部肌肉协调性异常等症候。同时，通过激活人体自愈能力，针灸能帮助增强眼部和大脑相关区域的功能。这种方法被应用于治疗包括弱视、斜视在内的多种眼部疾病，并取得一定的临床疗效，被认为是中西医结合治疗眼疾的补充方法之一。
,,train-05395-b1d3ae55715c,train,acupuncture_and_meridians,5395,神经性焦虑有哪些症状？,中医认为，神经性焦虑是由于长期情绪压抑、精神紧张等因素导致的一种心理障碍。常见的症状包括心烦、易怒、失眠、健忘、胸闷、头痛、恶心等不适感，还可能伴随着手脚冰凉、出汗、呼吸急促等生理反应。中医治疗神经性焦虑可以通过调节情志、安神定志、疏肝解郁等方式来缓解症状，常用的中药有柴胡、黄芪、当归、白芍等。此外，还可以通过针灸、推拿、按摩等方式来辅助治疗。需要注意的是，治疗神经性焦虑需要根据个体情况选择合适的治疗方法，不可自行使用药物。
,,train-05445-ce52a33f540a,train,acupuncture_and_meridians,5445,针灸能否改善跟腱痉挛？如果可以，如何实施并关注哪些方面以确保安全有效的治疗？,1. 针灸可以应用于改善跟腱痉挛的治疗中。2. 针对特定的痛点（如足部、下肢等）进行刺激；3. 贯彻个体化治疗原则，根据患者具体情况选择合适的针刺方法与穴位；4. 注意消毒及避免感染问题；5. 治疗过程中需要关注患者的反应及可能产生的不适，及时调整针刺力度或疗程。
,,train-05522-8338b6e60346,train,acupuncture_and_meridians,5522,根据中医理论，肩周炎属于哪一类疾病？,根据中医理论，肩周炎属于'痹证'范畴，主要是由于风寒湿邪侵袭肩部经络，导致气血运行不畅，从而引发肩部疼痛和活动受限。
,,train-00397-29b988ed6f82,train,clinical_conditions,397,请简要介绍中医理论中关于'外感风邪'的理解。,中医理论中，'外感风邪'是指外界风邪侵袭人体，导致的一系列病理变化。风邪为六淫之首，易于侵袭人体，常与寒、湿、热等邪气相兼为病。外感风邪的临床表现多样，如恶风、发热、汗出、头痛、身痛、鼻塞、流涕等。治疗上，中医会根据风邪的不同兼夹和体质差异，采用相应的解表祛风、调和营卫等方法进行治疗。
,,train-00807-ad1ffb6114b1,train,clinical_conditions,807,白头翁在中医中有哪些用途？,白头翁在中医中，常用于清热解毒、凉血止痢。对于热毒血痢、痈肿疮毒等症有一定的治疗作用。外用可治烫伤、湿疹等。
,,train-01075-ad507d05ad09,train,clinical_conditions,1075,邪犯胸肺证与感冒有什么不同？,邪犯胸肺证是中医术语，指的是外邪侵袭胸肺，引起的胸痛、咳嗽、气促等症状。而感冒是西医的病名，指的是由病毒引起的上呼吸道感染，常见的症状有流鼻涕、打喷嚏、喉咙痛等。两者都会出现咳嗽等症状，但邪犯胸肺证更侧重于胸肺的症状，而感冒则更侧重于上呼吸道的症状。
,,train-01243-6cd85b0061f2,train,clinical_conditions,1243,我最近感到喉咙疼痛，吞咽困难，并且伴有发热和咳嗽，是感冒了吗？,您的症状可能是感冒或者是更严重的呼吸道感染，包括但不限于扁桃体炎或链球菌喉炎等。建议您尽快就医进行专业诊断，以便获得正确的治疗方案。
,,train-01511-95a2f9962be0,train,clinical_conditions,1511,久病耳内流脓有什么症状？,久病耳内流脓的症状主要包括耳廓红肿疼痛、耳道流脓、听力下降、头晕头痛等。患者常常感到耳朵堵塞、耳鸣、耳聋、耳痛等不适感觉，严重时还可能出现面部肿胀、发热等症状。建议及时就医治疗，避免病情加重。
,,train-01947-f2dad1d86227,train,clinical_conditions,1947,从中医角度，论述头痛的不同类型及对应的具体调理方法。,根据中医学，头痛通常分为风热头痛、风寒头痛、肝阳头痛等。其中，风热头痛因风热侵袭导致，需疏风清热以治之；风寒头痛则是感受寒邪引发，宜用发汗解表的方式调理；而肝阳头痛则是由肝气不舒，肝阳上亢引起，可采取平肝潜阳、降火养血的方法。这些不同的治疗思路体现了中医学对不同病因头痛的辨证施治原则。
,,train-02046-7eeba5c06de2,train,clinical_conditions,2046,结节性异位症与相关因素有哪些？,结节性异位症的常见相关因素可能包括：遗传因素、免疫系统异常、药物副作用以及感染，尤其是肺部或消化系统的感染。此外，慢性炎症和激素水平的变化也可能对引发该病症起到作用。
,,train-02073-5136392ac60b,train,clinical_conditions,2073,中医认为哪些因素会影响人的健康？,中医认为人体内部有五脏六腑七经八脉等多个系统，而这些系统的正常运行需要外部环境的调节和配合。因此，人体健康的维持与以下因素密切相关：1. 良好的饮食习惯，包括合理的饮食结构、适量的进食量、营养均衡等；2. 适宜的运动方式，包括适度的体育锻炼、身体协调性的锻炼等；3. 健康的心理状态，包括积极向上的心态、良好的情绪调节能力、正确的压力管理等；4. 环境因素，包括室内空气清新、工作学习环境舒适等；5. 其他因素，包括生活习惯、药物使用、疾病预防等。综合考虑以上因素，可以有效地维持人体健康和心理健康。
,,train-02360-420229a474b5,train,clinical_conditions,2360,如何通过脉象判断是否为热入心营证？,热入心营证的诊断主要依据舌红少津、脉滑等症状。如果患者出现舌红少津、脉滑等现象，可能是热入心营证的表现。
,,train-02483-06b4c49ed9fe,train,clinical_conditions,2483,一个病人长期患有腺瘤，在接受中医治疗期间需要避免什么食物？,在治疗腺瘤过程中，建议避免过于油腻、刺激性强的食物如辣椒、生蒜等；同时要注意限制高糖、高脂肪食品摄入。饮食宜清淡，多吃新鲜蔬菜和水果，保证营养均衡。
,,train-03382-a112461efbfc,train,clinical_conditions,3382,海螵蛸的主要成分和作用是什么？,海螵蛸主要成分为碳酸钙和少量的镁盐、硅酸盐等，其在中医中有固精止遗、收敛止带的作用。常用于治疗遗尿、早泄、慢性腹泻等症状。
,,train-03432-6b83e334f21f,train,clinical_conditions,3432,在中医理论中，'郁李'是指什么？,'郁李'在中医理论中是指一种果实，即郁李仁，它具有润肠通便的作用，常用于治疗肠燥便秘。
,,train-04095-bed9d980fe25,train,clinical_conditions,4095,请分析硼砂在中医中的应用和注意事项。,硼砂在中医中，主要应用于清热解毒、消炎止痛、祛湿止痒等。它通常用于治疗皮肤病、咽喉肿痛、口腔溃疡等。但硼砂有毒，不宜长期或大量使用，孕妇和儿童应避免使用。
,,train-04991-cb169427ed9a,train,clinical_conditions,4991,我最近总是感觉胸口疼痛，不知道是什么原因导致的。,根据您提供的症状，可能存在胸壁疼痛的可能性，但具体的诊断需要通过医生的体检和相关检查来确定。建议您尽快去医院就诊，由专业医生进行详细的检查和诊断，并制定合理的治疗方案。同时，在等待就诊的过程中，您可以注意休息，避免剧烈运动和过度劳累，保持良好的生活习惯和饮食习惯，有助于减轻症状。
,,train-05124-1eb24cb99c96,train,clinical_conditions,5124,早期肝硬化的主要表现和引发原因是什么？,早期肝硬化的主要表现为食欲下降、体重减轻、乏力等，其引发原因主要涉及长期酗酒、病毒感染（如乙肝病毒）、慢性炎症等因素。
,,train-00046-bad116ce3153,train,general_tcm_knowledge,46,一个儿童出现了频繁下肢痉挛的情况，请从中医角度给予初步分析和可能原因,在中医中，下肢痉挛通常被视为肝阳上亢、阴血不足的表现。可结合舌象和脉象特征综合分析。可能的原因为热盛伤阴、外感寒湿、肾精亏损或风痰内扰等。建议进一步检查并根据患者具体情况辨证施治。
,,train-00739-4b824fe88320,train,general_tcm_knowledge,739,夏天天气热，人们为什么会感到疲乏无力？,夏天天气热，人们感到疲乏无力主要是因为气温高，人体出汗增多，导致体内水分和电解质丢失，从而引起疲劳。此外，高温天气也会导致食欲下降，摄入的营养减少，也会加重疲劳感。因此，夏天应该注意补充水分和电解质，适当休息，保持良好的饮食习惯。
,,train-01273-0d35498adc19,train,general_tcm_knowledge,1273,肾经与哪些脏腑有直接关联？,肾经与肾、膀胱、肝、肺、心、脾等多个脏腑有直接关联。在中医理论中，肾经是一条重要的经脉，其功能涵盖了生殖、生长、发育、水液代谢等多个方面。
,,train-01581-a22a19191e7f,train,general_tcm_knowledge,1581,请围绕满山红展开，创作一首诗歌。,满山红艳艳，绿叶扶红花。春风吹过处，香飘十里家。药用价值高，能活血化瘀，调经止痛，是中医常用的良药。
,,train-01831-c95ebf9d5dd7,train,general_tcm_knowledge,1831,如何正确保存韭菜以延长其保鲜时间？,韭菜的正确保存方法能够有效地延长时间并保持其新鲜和口感。建议将未切割的整束韭菜存放在阴凉处，避免直射阳光或高温环境，并可适当使用水培或者覆盖湿布的方式减少水分蒸发，以防干燥。同时，在储存之前确保韭菜干净干燥，没有受潮迹象。正确保存可以使韭菜保鲜时间显著延长，维持其新鲜度和营养含量。
,,train-01848-34360cd2106f,train,general_tcm_knowledge,1848,广枣具有什么样的药性？,广枣，味甘、性平，归心、脾、肾经。具有补中益气、养血安神的作用，常用于心悸、失眠、脾虚食少等症。
,,train-01908-bd2ceb3f7430,train,general_tcm_knowledge,1908,麦芽应如何正确地贮藏？,正确的麦芽贮藏方式是放置于阴凉、通风良好、干燥且避光处，避免直接暴露在阳光下，以免导致品质变化或变质。同时，保持一定的温度和湿度，避免与异味物质混合存放，以保证其药效。
,,train-02134-f641ccd27911,train,general_tcm_knowledge,2134,如何正确地进行空腹血糖测量？在中医的角度有何建议?,根据现代医学指南与中医理论，进行空腹血糖测量时首先要保持良好的生活习惯，比如规律作息、避免剧烈运动和过度劳累。从中医角度出发，则需要重视“五情”（喜、怒、忧、思、悲、恐、惊）对血糖的影响，并倡导平和心态。同时，在饮食上要尽量少食糖分高且寒凉性的食物，可适当多吃温补且助消化的食物如山药、莲子肉、黄豆等。此外，在测前几小时内避免吃东西饮水也是重要的一环。
,,train-02847-20c91d7ec2c3,train,general_tcm_knowledge,2847,人参有哪些药味？,人参具有甜味、苦味和微涩的味道。
,,train-03050-e1ca9661b0de,train,general_tcm_knowledge,3050,湿热壅盛证常见于哪些人群？,湿热壅盛证多见于气候潮湿地区的人群，以及饮食肥甘厚味、缺乏运动、压力过大等生活方式不规律的人群。此证常见于夏季，因湿气与热邪相结合，阻滞气机，导致身体出现各种不适。
,,train-03252-b249ae4bc8af,train,general_tcm_knowledge,3252,薄荷需要多久才能开花成熟？,薄荷一般在播种后60至90天左右开始进入开花期，具体的开花时间可能因种植环境（如光照、温度、土壤湿度）的不同而有差异。通常在夏季可以观察到第一波开花现象，整个生长期需适当管理，以保持其生长良好及适宜开花。
,,train-03522-9f2334207fc1,train,general_tcm_knowledge,3522,蛏子作为一种海鲜食品，在中医中有哪些应用和注意事项？,蛏子在中医中主要被看作是温补类食物，常用于肾阳不足、精血亏虚等情况的调养。它能强腰壮骨、固肾益气、滋阴润肺，对于改善身体虚弱状态、缓解疲劳有一定的帮助。然而，由于蛏子属于海鲜，容易引起过敏反应或消化不良，在食用时应观察个人体质和健康状况，有过敏史者需谨慎尝试或避免使用。
,,train-05022-c9c302df1a57,train,general_tcm_knowledge,5022,中医认为，夏季是养心的好时机，这是为什么？,夏季是自然界中阳气最旺盛的季节，人体阳气也相对较旺。在中医理论中，心主神明，属火，与夏季相应。因此，夏季是养心的好时机。可以通过调整作息、保持情绪稳定、适当锻炼等方式来养心。同时，可以多吃一些养心的食物，如红枣、桂圆、莲子等。
,,train-05120-f50ff7c955f2,train,general_tcm_knowledge,5120,请描述一下中医中对于情绪调节的看法。,中医认为情绪与内脏功能密切相关，不同的情绪会影响不同的脏腑。例如，怒伤肝、喜伤心、思伤脾、忧伤肺、恐伤肾。中医强调要保持情绪平衡，避免情绪过度波动，以维护内脏功能的正常。常用的情绪调节方法包括：调整呼吸、练习太极、进行冥想和瑜伽等。
,,train-05364-9feb66f74e9a,train,general_tcm_knowledge,5364,头晕目眩的原因有哪些？,头晕目眩的原因多种多样，包括肝阳上亢、痰浊中阻、瘀血阻络等。具体原因需要通过中医四诊合参进行辨证论治。
,,train-00178-cdc5ec2d97ca,train,materia_medica_and_formulas,178,我最近经常失眠，晚上容易醒来，白天感到疲惫，是否有相关的中药可以缓解？,根据您的描述，可能有体虚、心肾不交等因素影响睡眠。可尝试使用具有安神镇静效果的中草药如酸枣仁、莲子心、合欢皮等，可与医师共同探讨并配合适当的生活习惯调整以促进健康睡眠。
,,train-00543-2e48a57ec4c3,train,materia_medica_and_formulas,543,紫菀的功效与作用是什么？,紫菀具有止咳化痰、平喘止咳的功效，常用于治疗咳嗽、气喘等症状。
,,train-01705-154089452976,train,materia_medica_and_formulas,1705,在浙江地区，如何缓解秋季干燥引起的喉咙痛？,中医认为秋天空气干燥容易导致肺部失润而引发咽喉不适。在浙江，可通过饮用菊花茶、薄荷茶等清凉降火的饮品来缓解。若症状严重可考虑服用一些中药，如川贝冰糖雪梨汤或使用生脉散等补气养阴的方剂，帮助滋阴润肺，缓解干燥引起的身体不适。
,,train-01891-085c54fbbc28,train,materia_medica_and_formulas,1891,我想了解一下桑寄生的药效。,桑寄生是一种常用的中草药材，具有补肝肾、益气血、强筋骨等功效。它可以用于治疗肝肾不足引起的头晕目眩、腰膝酸软等症状，也可以用于调节月经不调、产后虚弱等问题。此外，桑寄生还可以用于治疗风湿关节炎、神经衰弱等疾病，有一定的镇痛和抗炎作用。但是需要注意的是，桑寄生属于温补型药材，不适合体质寒凉的人食用。
,,train-02238-991b41aa4408,train,materia_medica_and_formulas,2238,哪些中药可以治痛经？,中医认为，痛经是由于女性月经期间子宫内膜脱落引起的疼痛，可以采用中药进行治疗。常用的中药有当归、川芎、丹参、赤芍等，这些中药具有活血化瘀、温经散寒、调节内分泌等功效，能够缓解痛经的症状。此外，还可以选用白芍、黄芩、熟地黄等清热解毒的药物来调理女性生殖系统，促进血液循环和代谢，从而达到治疗痛经的目的。需要注意的是，痛经的治疗需要根据具体原因进行选择，如果是由于月经不调引起的，则需要采取相应的调节措施，如饮食调理、运动锻炼、中药调理等。
,,train-02256-eb3c812f3bfd,train,materia_medica_and_formulas,2256,请详细阐述黄芪在中医中的功能和使用方式。,黄芪在中医学中是常用的补气药，具有‘补气升阳’的功效。主要用于体虚、气弱的人群，在临床上常用以增强机体免疫力，治疗各种疲劳综合征；能调节血压，适合高血压患者；它还可以改善循环系统和内分泌系统的功能，并对慢性疾病有一定的辅助治疗效果。黄芪一般可水煎服或煮茶饮用，亦可用于配伍其他中药组成方剂中使用。
,,train-02543-540e80ecf246,train,materia_medica_and_formulas,2543,脾气虚有什么症状？,脾气虚是中医学中的一个病症，主要表现为消化系统功能失调，食欲不振、腹胀、腹泻或便秘、肢体乏力等症状，同时还会伴随着口干舌燥、面色黄暗、体重下降等现象。如果出现这些症状，建议及时去医院进行检查和诊断，采取相应的治疗措施。中医认为，脾气虚是由于脾胃虚弱、气血不足、饮食不当等原因引起的，因此治疗时需要从多个方面入手，包括调整饮食习惯、增加运动量、中药调理等，以达到平衡体内阴阳、增强身体免疫力的效果。
,,train-03372-14bb4da31ac2,train,materia_medica_and_formulas,3372,白血病与中医关系，主要使用哪些中药材或方剂？,针对白血病的中医治疗，常用的中药包括但不限于当归、黄芪、人参、首乌、桂圆等。通常采用辨证施治的方法，对症选用适合患者的补气养血、健脾和胃的药物，例如八珍汤或四君子汤进行辅助治疗。具体方案还需结合患者实际病情来制定。
,,train-03602-7889420d0eca,train,materia_medica_and_formulas,3602,请描述一下桔梗的药味特点。,桔梗味苦、辛，性微寒。归肺、胃经。其药味特点是能宣肺、利咽、化痰、排脓，常用于治疗咳嗽、痰多、胸闷、喉痹等症。桔梗的苦味可以清热，辛味可以散寒，微寒的性质使其适合于治疗痰热咳嗽。
,,train-03704-78087c8871f0,train,materia_medica_and_formulas,3704,皮肤瘙痒的原因有哪些？,皮肤瘙痒有很多原因，可能是由于过敏、感染、药物反应、干燥等因素引起的。在中医看来，皮肤瘙痒多与风邪、湿热有关。常见的治疗方法包括中药内服、外用贴敷、按摩等，具体的治疗方案需要根据病人的具体情况来定。同时，病人应该避免接触可能引起过敏的物质和环境，保持皮肤清洁卫生，饮食清淡，避免暴饮暴食等不良习惯。
,,train-03886-499c410e05b9,train,materia_medica_and_formulas,3886,经常失眠和焦虑如何使用中药进行自我调养？,针对经常出现失眠和焦虑的问题，中医推荐通过调整心脾、肝肾等脏腑功能来改善睡眠质量并减轻心理压力。可以通过食用一些安神健脾的食疗方，如百合粥或莲子桂圆汤。在药物上可选择补中益气汤、酸枣仁汤等中药配方来调治，帮助宁神助眠和缓减焦虑症状。但请注意，若病情严重或长期无法自行缓解，请及时咨询专业医生。
,,train-03963-e7af0014664d,train,materia_medica_and_formulas,3963,地枫皮、橘核、黄连三味药材，请分析它们的归经和常用用途。,地枫皮味辛、苦，性温，归脾、胃经，有行气止痛、祛风除湿的功效，常用于脾胃气滞的脘腹胀痛、风湿痹痛等。橘核味苦、辛，性平，归肝、胃经，能理气、散结，用于治疗疝气痛、乳癖等。黄连味苦，性寒，归心、胃、大肠经，具有清热燥湿、泻火解毒的作用，用于湿热痞满、泻痢、黄疸和热病高烧等症。三味药材在中医临床上应用广泛，但需根据患者具体证候来决定是否使用。
,,train-04692-1b2b786ee8e8,train,materia_medica_and_formulas,4692,请简要介绍妇人阴冷子肿的病因。,妇人阴冷子肿，中医认为是由于肾阳不足、寒湿内生、气血运行不畅导致。这种状况多见于产后女性，或因久病体虚、饮食不节、感受寒邪等因素引发。其主要症状包括小腹冷痛、肿胀、畏寒肢冷等。治疗时，中医会根据具体病因进行温阳散寒、活血化瘀等调理。
,,train-04777-9fd8ef9a3964,train,materia_medica_and_formulas,4777,麝香有什么功效？,麝香具有开窍醒神、活血通经、消肿止痛的功效，常用于治疗中风、胸痹、心痛等症状。
,,train-04938-b8be92c1196c,train,materia_medica_and_formulas,4938,积雪草具有清热解毒、利湿退黄的功效，可用于治疗湿热黄疸、湿疹瘙痒等症状。,积雪草有清热解毒、利湿退黄的功效，可治疗湿热黄疸、湿疹瘙痒等症状。
,,train-00982-1c8ec954ef07,train,modern_research,982,大皂荚在中医中的用途是什么？,大皂荚主要用于清热解毒、燥湿杀虫，常用于治疗痰热喘咳、便秘腹痛及各种皮肤病。同时，在药理学上也有研究发现其可能对某些病菌有抑制作用。
,,train-01214-f481e6d1bd54,train,modern_research,1214,泽漆的药性、功能与用途是什么？,泽漆，又名毛大丁草，其性寒，味苦。在中医中被广泛用于利水消肿，祛湿通络等，尤其针对水肿、黄疸、胸满、喘咳等症有较好疗效。
,,train-02531-75214d03b2b2,train,modern_research,2531,虎杖有什么药用价值？,虎杖在中医中常用于活血化瘀、消肿止痛、清热解毒等。它通常用于治疗跌打损伤、瘀血肿痛、风湿痹痛等症状。同时，现代研究表明虎杖具有一定的抗菌、抗炎、抗氧化等作用。
,,train-02587-be3fc9e60787,train,modern_research,2587,黄连的作用机理是什么？,黄连主要成分为生物碱类成分（如小檗碱、药根碱等），具有强烈的抗菌、抗病毒、降压以及镇痛等多种药理活性作用，对多种炎症反应有调节效果。主要用于治疗湿热泻痢、口舌生疮、肺痈咳吐脓血等症状，并通过抑制细菌生长和改善免疫功能来发挥作用。
,,train-02640-4cf50064ac85,train,modern_research,2640,高贵春黄菊能治疗高血脂吗？,高贵春黄菊花被用于中医上调理体质，有清热、解毒的作用，并在某些药理研究中显示出了对降低血脂具有一定的辅助效果。不过具体应用还需咨询专业医生或药师的建议并结合个人病情及身体状况进行考量，不建议作为独立疗法使用。
,,train-03011-eb243dd6aa09,train,modern_research,3011,如何区分薄薄的上唇朱、回回苏梗和短瓣石竹,在中医学中，薄薄的上唇朱是根据嘴唇的颜色、厚度等症状来分类，而回回苏梗主要针对植物名及来源进行归类。短瓣石竹同样按植物学特性或药理作用进行区分。每种特征具有其独特的识别方法，通过辨认植物特征和药物特点来进行区分。
,,train-03722-011c61ad71f1,train,modern_research,3722,为什么中医强调'因人制宜'和'因时制宜'？,中医强调'因人制宜'和'因时制宜'是因为不同的人在体质、年龄、性别等方面存在差异，同时不同的季节、气候也会对疾病产生影响。因此，中医治疗疾病时会根据患者的个体差异和外部环境因素制定个性化的治疗方案，以达到最佳的治疗效果。
,,train-03758-a9704370fac1,train,modern_research,3758,姜黄通常用于治疗哪些疾病？,姜黄在中医中常用于活血化瘀、舒肝解郁，对于治疗风湿痹痛、经闭痛经、跌打损伤等疾病有一定的疗效。
,,train-04712-6e87c3d6e9f4,train,modern_research,4712,白鲜皮在中医中有什么用途？,白鲜皮在中医中常用于清热燥湿、祛风解毒，对于湿热病、湿疹、风湿痹痛等有一定的疗效。
,,train-05192-47624c174c01,train,modern_research,5192,巨紫荆对于治疗心脏病的有效性,巨紫荆在中医中常用于心血管系统疾病的调理。从现有文献与传统知识的角度来看，巨紫荆可能具有抗氧化、抗血栓、降低胆固醇和调节血压等对心脏健康有益的生理作用。然而，在具体探讨其应用于现代医学中的有效性时需要进行严谨的研究。通过动物实验模型或小样本临床研究可观察到其干预心脏疾病的机制是否能够提供明确的证据支持。综合考虑，巨紫荆在心脏病治疗中可能存在潜在应用，但具体的剂量、效果与适用性还需要进一步的科学研究来验证，并需确保其安全性符合现代医疗标准。
,,train-05265-d1435c22aa5c,train,modern_research,5265,分析了黄芪对亚慢性肾损伤小鼠体内抗氧化系统的影响及其机制。,这项研究通过观察在给予黄芪干预后，亚慢性肾损伤小鼠体内抗氧化指标的变化来评估其治疗效果，并探讨黄芪发挥保护作用的可能机理。
,,train-05312-6ace97f2a6c1,train,modern_research,5312,银翘解毒片的配方成分如何？作用原理是什么？,银翘解毒片是由连翘、金银花、薄荷、桔梗、淡竹叶等多种草药组成，其中金银花具有清热解毒、抗病毒、消炎的作用；连翘则有类似的效果，并且对于呼吸道炎症、咳嗽症状有一定的缓解作用。其主要的机理在于通过改善机体免疫力来对抗病毒感染和减轻炎症反应，对感冒发热、咽喉疼痛等疾病有一定的治疗效果。
,,train-05596-961eaee5c76e,train,modern_research,5596,请分析一下中医治疗肾虚的优势和局限性。,中医治疗肾虚具有一定的优势，如注重整体调理、疗效稳定、毒副作用小等。但也存在局限性，如治疗过程较长、个体差异大、需要患者配合调理等。因此，在选择中医治疗肾虚时，应根据患者具体情况综合考虑。
,,train-00070-3008cbe24341,train,syndromes_and_theory,70,请描述一下中医中常提到的'证候'。,在中医理论中，证候是指疾病发生发展过程中，某一阶段的病理概括。它包括了病因、病位、病性和邪正盛衰等多个方面。证候是中医诊断和治疗的重要依据，通过对证候的辨识，医生可以制定出相应的治疗方案。常见的证候有气滞血瘀证、湿热内蕴证、肝肾阴虚证等。
,,train-00154-3e630cc8daa4,train,syndromes_and_theory,154,中医认为，气虚的人适合食用哪些食物以补气？,中医认为，气虚的人适合食用一些能补气健脾的食物，如红枣、山药、薏米、莲藕、栗子、鸡肉、牛肉等。这些食物有助于增强体质，改善气虚症状。
,,train-01197-a26c8175f3eb,train,syndromes_and_theory,1197,请描述阳虚证的常见病因和临床表现,阳虚证的常见病因包括气虚进一步发展、久病损伤阳气、久居寒凉之处或过服寒凉清苦之品、年高而命门火衰等。临床表现主要有畏寒肢冷、面色苍白、手足不温、容易出汗、大便稀烂、小便清白、唇色淡、口淡无味、舌质淡、苔白润、脉虚弱等。
,,train-01307-5e20a16c42ae,train,syndromes_and_theory,1307,中医理论中的证候与西医的症状有何不同？,中医的证候是指疾病在某一阶段的病理概括，它包括了病的原因、性质、部位以及邪正关系等综合因素，是对疾病当前状态的整体判断。而西医的症状则更多指的是患者主观感受到的不适或医生通过检查发现的异常表现。证候是中医诊断和治疗的核心概念，它强调个体化和整体观。
,,train-01507-0397fc5e6a3e,train,syndromes_and_theory,1507,我最近舌头上的苔变薄变白了，是什么原因呢？,苔薄白可能是由于脾胃虚弱、气血不足等原因引起的。在中医中，舌象是诊断的重要依据之一。苔薄白通常代表脾胃功能较弱，消化吸收能力下降。建议您注意饮食调理，多吃一些易于消化的温热性食物，如小米粥、南瓜等。同时，保持良好的生活习惯，避免过度劳累和情绪波动。如果症状持续或加重，建议您咨询专业的中医师进行进一步的诊断和治疗。
,,train-01627-b1f7a8aaebb5,train,syndromes_and_theory,1627,请根据中医理论推理，为什么夏季容易发生中暑？,夏季气温高，天气炎热，人体容易出汗，导致津液流失。同时，夏季湿气较重，人体阳气易受湿邪侵袭，导致中暑。中暑是暑热之邪侵袭人体，耗伤津液，使人体阴阳失衡，出现发热、口渴、乏力等症状。因此，夏季应该注意防暑降温，保持室内通风，适当补充水分和盐分，避免过度劳累和暴晒。
,,train-02233-4bd48e99eee1,train,syndromes_and_theory,2233,为什么在中医治疗中强调'整体观念'？给出具体实例说明。,中医理论认为人体是宇宙微观世界的反映，各个器官系统之间相互关联、相互影响，因此在治疗时不能孤立看待某个单独的病症或症状。以感冒为例，感冒不仅是表证（如流涕），也可能是因体内阴阳失衡导致的（如虚寒或内热）。整体观念要求医生评估患者的总体健康状态和内外环境因素来制定诊疗策略。
,,train-03379-40b052c95768,train,syndromes_and_theory,3379,我最近总是感到疲劳和身体虚弱，在中医上这可能是什么情况？是否有可能是气虚或血瘀导致的？,在中医理论上，您的描述可能是由气虚或者是淤滞造成的。气虚可能会导致疲劳感、体力下降、精神不振等。建议您进一步观察是否有出汗多、容易感冒、心慌等症状作为气虚的判断依据。如果同时伴随有局部或全身的血液循环不佳的症状如疼痛、肤色晦暗，则可能为血瘀所致，但这些都需要结合具体的中医四诊信息来确定最终病因和辨证施治。建议您尽快前往正规的医疗机构咨询专业医师。
,,train-03635-087ac63a57fa,train,syndromes_and_theory,3635,为什么中草药在治疗幻觉症上比传统西医药物更有效？,这主要依赖于中草药的整体性观念，认为身体是一个有机系统，能够调整整体平衡而非仅仅针对症状进行处理。它们通过复方的配合，利用不同的药物特性，温和地调整阴阳气血等，有助于减少幻觉症的症状，并可能在长期治疗中提供更好的生活质量。
,,train-03749-aa2b7b83372e,train,syndromes_and_theory,3749,夏季天气炎热，人们容易出现中暑现象，请从中医角度解释中暑的原因。,中医认为，夏季天气炎热，外界的热邪容易侵入人体，导致人体内的阴阳失衡，特别是当人体正气不足时，难以抵御外邪，从而发生中暑。中暑可分为阳暑和阴暑，阳暑是由热邪直接侵袭所致，阴暑则是由暑湿邪气侵袭所致。
,,train-04311-65f31a374963,train,syndromes_and_theory,4311,什么是中医证候？,中医证候是指中医学中根据疾病的症状和体征，通过综合分析而得出的诊断结论，是中医疾病治疗的基本单位。中医认为，疾病的产生和发展是由多种因素综合作用的结果，包括情志、饮食、气候、生活环境等因素的影响，不同的人体质和病理状态也会影响疾病的发生和发展。因此，在中医诊断中，需要综合分析患者的病情、病史、体质、生活习惯等方面的因素，从而确定患者的证候类型和病因病机，进而制定相应的治疗方案。常见的证候类型包括寒湿证、热毒证、气滞血瘀证、肝肾不足证等，不同的证候有不同的治疗方法和用药原则。
,,train-04422-672012aa44b9,train,syndromes_and_theory,4422,胆腑郁热证和痰闭心窍证有什么区别？,胆腑郁热证和痰闭心窍证在中医学中是两种不同的证候。胆腑郁热证主要表现为右上腹胀痛、口苦、咽干、烦躁易怒、脉弦数等症状，多因情志不畅或饮食不当导致胆气郁结，日久化热。痰闭心窍证则表现为头晕、胸闷、恶心、呕吐、舌苔白腻、脉滑等症状，多因痰湿内蕴，阻塞心窍所致。两者的主要区别在于病机和症状表现，治疗也有所不同。
,,train-04660-60abc65caa29,train,syndromes_and_theory,4660,请从中医的角度解释“证候”这一概念。,在中医理论中，证候是指疾病发生发展过程中，某一阶段所表现出的病因、病位、病性和邪正盛衰等方面的综合性病理状态。它是中医诊断和治疗的基础，通过对证候的辨识，医生可以确定疾病的性质和病情的轻重，从而制定出相应的治疗方案。
,,train-05295-b6dc01148298,train,syndromes_and_theory,5295,气滞血瘀证属于哪一类中医病证？,气滞血瘀证属于气血同病类的中医病证，主要由情志不舒或外邪侵袭引起肝气久郁不解所致。
,,train-05390-fa55cda2467d,train,syndromes_and_theory,5390,痹证在中医里是什么病？,痹证在中医里是指由于风、寒、湿、热等外邪侵袭人体，导致气血运行不畅，筋骨、肌肉、关节等处发生疼痛、酸楚、麻木、肿胀等症状的病证。
,,train-00429-c1a9f91e2c3b,valid,acupuncture_and_meridians,429,诺卡菌性巩膜炎与中医有什么相关治疗方式？,对于诺卡菌性巩膜炎，虽然这是一个西医概念疾病，但在中医疗法上，可结合辨证施治的原则，针对患者具体的证候表现进行调理。治疗方法可能包括使用清热解毒、活血化瘀的药物，如连翘败毒散等，同时结合针灸、拔罐和中药熏眼治疗，以改善局部血液循环，减轻炎症反应。最终，需在专业中医师的指导下，根据患者的具体情况制定个性化方案，并联合西医手段进行综合治疗。
,,train-00900-c9f4ff3e7c99,valid,acupuncture_and_meridians,900,有哪些可以帮助改善视力的中药？,中医认为，视觉障碍多与肝肾不足、气血不足、风热痰火等有关。常用的中药有补肝益肾、养血滋阴、清热解毒等作用的药物，例如枸杞子、菊花、黄芪、白芍、当归等。这些药物可以通过改善肝肾功能、促进血液循环、消除体内炎症等方式来帮助改善视力。同时，中医还可以采用针灸、按摩、推拿等方法来辅助治疗视觉障碍。需要注意的是，中药治疗视觉障碍需要在医生的指导下进行，不可自行使用中药。
,,train-01043-ad1d2d3cac85,valid,acupuncture_and_meridians,1043,请从中医的角度解释‘功能’一词。,在中医理论中，‘功能’通常指的是脏腑器官和经络系统在人体内的生理活动作用。中医认为，人体健康依赖于各脏腑功能的协调平衡，包括气血的生成、运行、转化和代谢等。若某一脏腑功能出现异常，可能会导致相应的疾病发生。
,,train-01088-fe93e210f0e2,valid,acupuncture_and_meridians,1088,膀胱经是什么？,膀胱经是中医学中的经络之一，也称为“足太阳膀胱经”，是人体经络系统中最重要的一条经络之一。它从头顶开始，沿着身体两侧的肩胛骨下方、脊柱两侧、臀部外侧、下肢后侧、脚跟处结束。在中医理论中认为，膀胱经具有调节水液代谢、排泄废物、清除体内毒邪等作用，可以调节人体内部环境，促进新陈代谢和血液循环，增强机体免疫力。此外，膀胱经还与泌尿生殖系统、神经系统等器官紧密相连，对身体的正常运转起着重要作用。在中医治疗中，膀胱经经常被用于疏通经络、排除废物、缓解疼痛、治疗疾病等方面，可以通过按摩、针灸等方式来调理经络，促进身体的健康和平衡。
,,train-01559-cf9359b62e21,valid,acupuncture_and_meridians,1559,治法有哪些？,中医有很多治疗方法，其中比较常用的是针灸、推拿、艾灸、中药疗法、气功、饮食调理、按摩、拔罐等。具体的治疗方法需要根据患者的病情和体质来确定，因此建议您到正规的中医医院或诊所进行就诊，由专业的医生为您制定个性化的治疗方案。
,,train-01819-5feba38d2d02,valid,acupuncture_and_meridians,1819,什么是妇人阴冷肝郁证？,妇人阴冷肝郁证是中医上的一种病证，是指女性因情志不畅、饮食失调、生活习惯不良等因素导致脾胃失运、气滞血瘀等病理变化所致的病证。主要症状包括月经不调、乳房胀痛、情绪抑郁、腹胀疼痛、腰酸乏力、头痛眩晕等。妇人阴冷肝郁证的治疗方法主要是调理身体气血、调节情志，常用的中医疗法包括针灸、按摩、艾灸、中药治疗等。在日常生活中，女性要注意饮食卫生、保持充足的睡眠和适量运动，避免过度疲劳和情绪波动等因素对身体造成的影响。
,,train-02459-3388a5660f99,valid,acupuncture_and_meridians,2459,糖尿病肾病的中医治疗策略有哪些？请详细说明。,在糖尿病肾病的中医治疗中，通常采取补虚固本、清热利湿、化瘀解毒等方法。主要治疗方法有以下几点：1. 中药方剂的应用：使用具有调节内分泌功能的中药如山茱萸、枸杞子、麦冬等进行组方；2. 针灸治疗：通过针刺肾经穴位，调整脏腑机能；3. 推拿按摩：以手法缓解腰酸背痛、下肢沉重等症状。在治疗过程中需要注意辨证施治的原则，根据不同患者的体质及病情采用不同的治疗方法，并与现代医学结合，制定个性化的综合治疗方案。
,,train-03159-318fb4552749,valid,acupuncture_and_meridians,3159,请从中医角度谈谈对健康的认识。,中医认为，健康是人体阴阳平衡、气血调和的状态。阴阳是中医理论的核心概念，阴阳平衡是人体健康的基础。气血是人体生命活动的基本物质，气血调和则身体健康。中医强调预防为主，注重调整生活方式，通过食疗、中药、针灸、推拿等方法，达到调和阴阳、气血的目的，从而维护身体健康。
,,train-03543-81d48c66e693,valid,acupuncture_and_meridians,3543,中医中提到的'石阻证'是什么意思？,石阻证是中医中的一种病证名称，指的是身体某个部位出现了气血运行不畅、阻滞的情况。这个词语常常用来形容经络、脏腑等功能受阻，导致疼痛、肿胀等症状。治疗石阻证的方法因病因不同而有所差异，常用的方法包括活血化瘀、温通经络等。
,,train-03824-093d247a2e46,valid,acupuncture_and_meridians,3824,什么是针灸?,针灸是中医学中的重要疗法之一，通过在人体经络上刺激穴位，以调节身体的气血、阴阳平衡，达到治疗疾病的目的。针灸可以用于各种疾病的治疗，包括头痛、肌肉酸痛、关节疼痛、消化不良等。
,,train-03906-c5c48de03714,valid,acupuncture_and_meridians,3906,请提供膀胱气痛的中医疗法建议,针对膀胱气痛症状，在中医上可采用针刺、艾灸及中药等治疗方法，具体包括：(1) 针灸以促进局部经络疏通；(2) 艾灸应用于中脘穴、关元穴、足三里和膀胱俞等穴位；(3) 中草药方面，则常使用益肾调气类药物如桑寄生、丹参、当归、桃仁等，配合适当调理饮食和生活方式。
,,train-03973-c7cfefe5ebff,valid,acupuncture_and_meridians,3973,我最近手臂有明显的畸形症状，中医能提供哪些帮助？,在中医中，对肢体畸形的关注主要通过辨证施治。首先会根据患者具体的病因（如先天发育不良、后天损伤等）、症状轻重及体质等情况来判断是属于虚、实还是痰湿阻络的问题。治疗方面可能包括内服中药（如补肝肾强筋骨的药材）与外敷药物、针灸推拿等非药物疗法，以促进局部血液循环、软化筋肉结缔组织并调节身体的整体功能。但请务必咨询中医师进行专业的诊断和制定个体化方案。
,,train-04323-b53c79ac0dd9,valid,acupuncture_and_meridians,4323,我父亲经常感冒流涕，有无适合中医学理疗的方法？,在中医学理疗方面，针对易感风寒的人群，可尝试调理以提高机体的防御能力，如采用桂枝汤来温补阳气、辛散风寒；或者通过使用艾灸和拔罐等手段，改善气血循环，增强免疫力。此外，还可以配合食用一些滋补食材或药膳进行调理。不过具体的药物组合与剂量需要在中医师的指导下进行。
,,train-04464-50817c276ad6,valid,acupuncture_and_meridians,4464,足部肌肉组织异常有哪些具体的症状表现？,足部肌肉组织异常的症状可能因病变程度和具体位置的不同而有所不同。常见的症状包括但不限于：步态不稳，疼痛或刺痛感在行走、站立或休息时加剧；小腿、脚踝或足跟部位有持续性酸胀或疲劳感；感觉障碍，如麻木、针刺样或烧灼感等神经问题；活动后疼痛或无力，休息后减轻。这些症状可能是由于缺血、炎症、营养不良、神经损伤或是退行性疾病等因素引起的，具体原因需要通过专业的医学检查来确诊。
,,train-05317-4558840b2d55,valid,acupuncture_and_meridians,5317,什么是舒筋通络？它在中药中的应用有哪些？,舒筋通络是中医对恢复肌肉关节柔韧性，解除经络阻塞，改善血液循环和神经功能的一种描述。其在中药的应用主要包括：使用草乌、独活、威灵仙等药物进行熬煮以浸膏的形式给患者内服，或是通过外敷治疗来缓解局部疼痛，提升关节的灵活度，促进受损肌体组织的修复。
,,train-01178-c604362506d2,valid,clinical_conditions,1178,玄参在哪些症状下适合使用？,玄参主要应用于热病伤阴、咽喉肿痛、温毒发斑以及津亏便秘等症，对热性病症有良好的治疗作用。
,,train-01274-3184c8cc9b46,valid,clinical_conditions,1274,中医认为，情绪与人体健康密切相关，请分析一下过度的怒气对人体可能产生的影响。,中医认为，怒气过盛会伤及肝脏。肝主疏泄，调畅气机，怒气过盛会导致肝气郁结，进而影响肝脏的疏泄功能，出现胸胁胀痛、烦躁易怒、头晕目眩等症状。此外，怒气还会影响脾胃的运化功能，导致食欲不振、消化不良等问题。长期怒气过盛，还可能引发高血压、冠心病等心血管疾病。因此，中医提倡保持平和的心态，避免情绪波动过大，以维护人体健康。
,,train-01689-fa5895d49931,valid,clinical_conditions,1689,请解释肾虚风湿证的临床表现。,肾虚风湿证的临床表现通常包括腰膝酸软、畏寒怕冷、手足不温、关节疼痛、活动不利，伴有精神疲乏、耳鸣、小便清长或夜尿增多等症状。舌质淡，苔白，脉象沉弱。治疗上，中医会根据患者具体情况进行温阳补肾、祛风除湿的治疗。
,,train-02034-b71f2e2c49d5,valid,clinical_conditions,2034,"请从中医理论角度解释肺胃热盛,邪热熏蒸的病理机制。","肺胃热盛,邪热熏蒸是指邪热内蕴，肺胃之热邪亢盛，导致热邪上熏蒸腾，进而引发各种病理变化。邪热熏蒸，热邪伤津耗液，导致口干、口渴、便秘等症状；同时，热邪上扰，影响心神，出现心烦、失眠等症状。此外，肺胃热盛还可能引发咳嗽、吐血、牙龈肿痛等症状。"
,,train-02583-0ceced02ffb7,valid,clinical_conditions,2583,如果有人表现为睾酮水平不足的情况，这可能影响到身体功能吗？中医角度下有什么方法可以调整吗？,睾酮水平下降可能会导致一系列影响身体功能的问题如性欲减退、肌肉量减少等。在中医视角下，可以通过调和体质来调整睾酮分泌，包括使用补肾益阳的药物比如熟地黄、鹿茸等来提高内源性的荷尔蒙产生，并配合调理饮食习惯、保持健康的生活方式。请在专业人士指导下进行治疗与调节。
,,train-03076-e957b44b3cc6,valid,clinical_conditions,3076,淋病在中医学的病因是哪些？,淋病在中医上被归类为湿热、毒邪侵犯下焦，造成下焦湿热、血分阻滞的问题，导致尿道、阴道等部位发生炎症。具体病因包括外感湿热之邪、性交不洁感染以及个人卫生不良等因素引起体内湿热内生。
,,train-03471-b2d15db42424,valid,clinical_conditions,3471,痰火扰心证是什么病状？,痰火扰心证是中医学中的一种病状，主要表现为心悸、失眠、烦躁、惊悸、口苦、舌苔黄腻等症状。常见于情志不畅、饮食不当等原因引起的痰火内生，上扰心神而致。治疗时，中医会根据具体症状进行辨证施治，常用的治疗方法是清热化痰、安神定志。
,,train-03826-c046f5958018,valid,clinical_conditions,3826,白扁豆用于治疗体虚湿盛、水肿及利小便，现欲应用于食疗调理，请提供一款适用的食谱。,为您设计一份以白扁豆为主的健脾祛湿食疗配方：
,,train-03862-d47f4c557136,valid,clinical_conditions,3862,中医的四种诊断方法是什么？,中医的四种诊断方法是望、闻、问、切。望即是指观察患者的表面症状，如观察面部、舌苔等部位；闻是指通过气味以及声音来判断患者的病情；问是询问病史和症状细节；切是通过摸脉象来了解病情。
,,train-03976-0d8a9a472d3d,valid,clinical_conditions,3976,我头痛，还伴随着头晕眼花、耳鸣等症状,根据你的症状描述，可能是肝肾亏损证引起的头痛。建议你到中医医院进行详细的检查和诊断，确定病因，并采取针对性的治疗措施。同时，饮食要清淡，多喝温水，避免熬夜、过度劳累等不良习惯。
,,train-04005-b6111ebbbb02,valid,clinical_conditions,4005,为什么大便呈褐色？,大便颜色呈现为褐色是正常的生理表现，这通常是因为粪便中包含的色素在通过肠道的过程中与氧气接触而氧化造成的。粪便是由未被吸收的食物残渣、代谢产物和消化道脱落细胞等组成的混合物，在其形成并向下移动时，会遇到胃酸或肠内的酶以及肠道微生物的作用下发生化学变化，并与铁元素反应，这些都可能导致大便从棕色渐变为深黄色至绿色。不过如果出现血色或者其他异常改变（如稀水、粘液、黑色），则可能是消化道出血、肠道炎症等疾病的表现，请注意观察并及时就诊检查。
,,train-04209-b97bd50ab931,valid,clinical_conditions,4209,我患有肝癌，经常感到疲劳和乏力。请解释这些症状与肝癌的联系。,疲劳感和乏力是肝癌常见的非特异性临床表现之一，这可能由于多方面原因引起的。首先，肝部肿瘤本身可影响肝脏功能，导致蛋白质、能量代谢失衡及血液合成能力下降，从而产生疲乏感。其次，在肝脏功能受损的状况下，体内毒素代谢清除不及时也会让人感到虚弱乏力。此外，当进行肝脏切除或转移性癌细胞消耗过多体力时，同样可能引起身体不适和疲劳。如果出现这类症状，请及时就医并进行专业诊断与治疗。
,,train-04690-e24204dcd0d3,valid,clinical_conditions,4690,在中医理论中，为什么说‘心主神明’？,在中医理论中，‘心主神明’是指心藏神，主管人的精神意识和思维活动。心功能正常，则人的精神状态良好，思维清晰。心神失调，则可能出现失眠、多梦、记忆力减退等症状。这一理论体现了中医对心与精神相互关系的认识。
,,train-04849-5887ed6e69e3,valid,clinical_conditions,4849,我正在考虑使用华山矾来辅助治疗我的隐孢子疾病，您对此有何看法？,在处理隐孢子疾病时，选择药物需非常谨慎，并充分考虑其可能带来的副作用。华山矾虽含有砷元素，在某些传统中医文献中有用以杀虫、抗炎的记录，但用于隐孢子病的风险相对较大。现代医学研究表明，隐孢子病多与免疫系统减弱相关，治疗上更侧重于提高免疫力和维持电解质平衡。因此，采用华山矾需格外审慎，并应由专业医生根据患者具体情况进行判断及推荐治疗方法。在未有充分证据支持安全有效性的前提下，请谨慎使用任何传统或草本药物。
,,train-04866-d2f0a61025d0,valid,clinical_conditions,4866,请从中医角度解释什么是'风寒感冒'？,风寒感冒是中医学对一种感冒类型的称谓，主要症状包括发热、恶寒、无汗、头痛、身痛、鼻塞、流清涕等。根据中医理论，这是由于外邪风寒侵袭体表，导致卫气不固，肺气失宣所引起的。治疗通常采用辛温解表的方法。
,,train-00366-13886617e021,valid,general_tcm_knowledge,366,请分析一下，为什么中医认为‘肺主皮毛’？,中医认为‘肺主皮毛’的原因在于，肺主呼吸，负责气的运行，而皮毛是人体防御外邪的第一道防线，需要肺气的滋养。同时，肺与大肠相表里，肺的宣发功能也影响到皮毛的功能。因此，中医认为肺与皮毛有着密切的联系。
,,train-00485-4bc4ca3417db,valid,general_tcm_knowledge,485,中医认为，明目与哪些脏腑功能有关？请简要说明。,中医认为，明目与肝、肾、脾三脏功能有关。肝主疏泄，具有调节情志、储藏血液、调节血量的功能，肝血充足则目能视物；肾主藏精，肾精充足则目能明亮；脾主运化水谷精微，上输于目，使目得到滋养。因此，肝、肾、脾功能正常，则目能视物清晰。
,,train-01637-8b647ec7a16b,valid,general_tcm_knowledge,1637,中医理论中，肺经的主要功能是什么？,中医理论中，肺经主要负责呼吸系统方面的功能，如呼吸、声音、皮肤等。同时，肺经还与大肠经相表里，具有调节水液代谢、宣发肃降等功能。
,,train-02567-3a5d931b6ed4,valid,general_tcm_knowledge,2567,闭经溢乳综合征可能由哪些原因导致？,闭经溢乳综合征（又称多囊卵巢综合症）的常见成因包括但不限于遗传因素、内分泌失调，如高胰岛素血症、垂体肿瘤、卵巢功能不全等。此外，还有可能与长期压力过大、不良生活习惯及饮食不当等因素有关。
,,train-03278-cd23eb68c054,valid,general_tcm_knowledge,3278,请描述一下中医中的'气'的概念。,在中医理论中，'气'是人体生命活动的基本物质，是构成人体和维持人体生命活动的基础。气具有动力作用，能够推动血液循环，促进新陈代谢，维持人体正常的生理功能。气的生成、运行和转化，是人体健康的重要保障。
,,train-03696-ce299e71d710,valid,general_tcm_knowledge,3696,长期使用电脑工作的人士如何利用杭菊花改善视力？,长时间面对电子屏幕可能造成视力疲劳、干涩不适等眼部问题，杭菊被中医认为具有清热明目之功。可以通过将干燥的杭菊泡成茶饮用来帮助缓解眼疲劳及保护视力。一般建议每日适量饮用1-2次，坚持长期使用可以有效改善视力状况。不过，在进行任何自我健康管理方案之前，请咨询专业医师或营养师。
,,train-03993-07afde098b90,valid,general_tcm_knowledge,3993,中医认为，为什么人在春天更容易感冒？,中医认为，春天天气渐暖，但温差较大，人体阳气开始升发，而外界风邪也较为活跃。此时若人体正气不足，无法抵御风邪，则易导致感冒。因此，春天应注重调养身体，增强体质，以预防感冒。
,,train-05236-5860f6074f24,valid,general_tcm_knowledge,5236,在中医理论中，'脉沉数'通常指的是什么情况？,在中医理论中，脉沉数是指脉搏沉在深处，节律快而有力。这种情况多见于里实证，如里热、里实寒等。
,,train-00165-1ae04964ea4d,valid,materia_medica_and_formulas,165,丁公藤在中医中的作用是什么？,丁公藤在中医中常被用作活血化瘀、祛风除湿的药材，主要用于治疗风湿痹痛、跌打损伤等疾病。但需注意，丁公藤有一定毒性，应在中医师指导下使用。
,,train-00744-9ec718073a8d,valid,materia_medica_and_formulas,744,如何通过中药改善皮肤过敏症状？,对于皮肤过敏的症状可以使用以下的中药材进行调理：1. 蝉蜕，具有疏风散热、清肝明目的功效；2. 荆芥，解表散风、消肿止痛。每日煎煮成药水饮用，或者做成膏剂涂抹于患处。在食用前请先咨询专业中医师建议，以确定用药剂量及是否适合您的个人情况。
,,train-01580-d18317bb2a37,valid,materia_medica_and_formulas,1580,花椒有什么功效？,花椒具有驱寒温中、除湿止痛的功效，常用于治疗腹痛、腹泻等症状，也可以用于缓解疼痛和改善食欲不振的情况。此外，花椒还含有丰富的营养成分，可以提高身体免疫力，促进身体健康。
,,train-01753-6e4c8f78f715,valid,materia_medica_and_formulas,1753,白鬼笔属于哪一类药材？它有治疗哪些症状的特异性作用？,白鬼笔属于菌类药。这类药物通常具有一定的毒性，并用于治疗诸如恶疮、痈疽等皮肤病。在中医上，它以散结肿、活血化瘀的作用为主要特性，常应用于治疗各种炎症引起的皮肤肿胀、痛症等症状。
,,train-01874-0558a7afb845,valid,materia_medica_and_formulas,1874,如何治疗阴虚火旺引起的上扰耳窍？,中药治疗阴虚火旺可以采用清热降火、滋阴补肾的方剂，如六味地黄丸、知柏地黄丸等。此外，还可以选用具有清热解毒、平肝降压的药物，如菊花、龙胆草等。但具体用药需要根据个人体质和病情而定，建议在医生的指导下使用中药治疗。
,,train-02373-b1a6ebf0a4de,valid,materia_medica_and_formulas,2373,脓毒侵袭在中医理论中是如何理解的？,脓毒侵袭在中医理论中指的是体表或体内因外邪侵袭，导致气血壅滞，局部化脓的病理过程。中医治疗脓毒侵袭时，会采取内外兼治的方法，如使用清热解毒的中药，如金银花、连翘等，并可能结合外敷药物治疗。
,,train-02419-15170a54d473,valid,materia_medica_and_formulas,2419,针对膀胱过度活动症，提供一份中医疗程。,针对膀胱过度活动症，推荐采用'益母草、车前草、茯苓、甘草'为主的方剂治疗。该疗法通过调和体内气血、利水消肿，达到改善膀胱功能的效果。
,,train-03014-292b0e35e8aa,valid,materia_medica_and_formulas,3014,请从中医的角度分析，茺蔚子有哪些功效和作用。,茺蔚子，为唇形科植物益母草的成熟果实，具有活血调经、利水消肿等功效。在中医中，茺蔚子常用于治疗月经不调、痛经、产后血晕、水肿等症状。此外，茺蔚子还有一定的镇静、抗炎、抗菌作用。
,,train-03630-f8863562fa82,valid,materia_medica_and_formulas,3630,请解释一下什么是清热解毒药？,清热解毒药物是指以清除体内的内热和解毒为主要作用的中药。它们被用于治疗身体内部累积热量导致的各种疾病，以及内外感染、发热、咳嗽等症状。常见成分包括金银花、连翘等草本植物，主要用于急慢性感染性疾病或热病后期。
,,train-04159-d29f71a89b6b,valid,materia_medica_and_formulas,4159,蜂蜡在中医里属于哪一类药物？,蜂蜡在中医里属于补益药，具有滋阴润燥、养血生肌的功效，常用于治疗皮肤皲裂、手足皲裂等。
,,train-04361-11803876c139,valid,materia_medica_and_formulas,4361,什么是气郁化火证？,气郁化火是中医学中的病证之一，指由于情志不畅、长期郁闷、情绪抑郁等原因，导致体内气血运行不畅，从而引起的一系列身体症状。常见症状包括头痛、胸闷、口苦、口干、易怒等。中医认为，气郁化火可以通过调理情绪、调整饮食、运动等方法来缓解症状，同时还可以通过中药治疗来达到调养身体的目的。
,,train-04739-20d8b0472320,valid,materia_medica_and_formulas,4739,浆细胞性骨髓瘤有哪些相关的中药？它们主要通过哪种途径影响疾病进程？,在中医理论下，针对浆细胞性骨髓瘤等癌症患者常使用的一类中草药是具有免疫调节和抗肿瘤作用的药材，比如黄芪、人参、党参等补气益脾的药材，还有山楂、丹参等具有活血化瘀功效的药材。这些中药通过调整患者的气血水平、改善免疫力及促进细胞再生等方式对疾病进程产生影响。具体使用时需咨询专业中医师进行个性化的辨证施治。
,,train-04907-2b7f7ca1e48d,valid,materia_medica_and_formulas,4907,有脑得生片是否意味着我的颈椎有问题？,脑得生片并不是专门用于处理颈椎问题的产品，而是具有活血化瘀和健脾益胃功效的药物，主要用于头晕头痛、心悸等中风后的遗症。颈椎病患者可能需要使用其他对症治疗方法或中药调理。建议根据自身症状和具体情况进行专业咨询后再作决定。
,,train-05254-66d4f69ba5e6,valid,materia_medica_and_formulas,5254,请从中医的角度解释一下什么是'阴虚'。,阴虚是中医学中的一个概念，指的是机体阴液不足，不能滋养身体，导致身体出现燥热、干燥等症状。阴虚的表现多种多样，常见的有五心烦热、潮热盗汗、口干咽燥、舌红少苔、脉细数等。治疗阴虚，中医通常采用滋阴降火的方法，如使用六味地黄丸等方剂。
,,train-05293-8c03896986b7,valid,materia_medica_and_formulas,5293,什么是蛔虫窜扰证？,蛔虫窜扰证是中医辨证施治中的一种常见病证，其主要症状为腹痛、嗳气、食欲不振、口中有臭味等。蛔虫窜扰证多由食用了含有寄生卵的食物，或者食物没有经过消毒处理而导致的，因此需要注意饮食卫生，避免食用未熟透或不洁食品，同时要保持良好的个人卫生习惯。中医治疗蛔虫窜扰证常采用中药调理、食疗等方法，如黄连汤、草果汤、木香丸等方剂，可以有效缓解症状，改善体质。
,,train-00071-bfb707b4c30c,valid,modern_research,71,中医治疗隐睾症的长期效果及影响因素是什么？,分析指出中医治疗隐睾症通过补肾温阳、疏肝理气等方式调整患者体质，促进隐睾下垂，其长期疗效与患者的年龄、隐睾位置、是否合并其他生殖系统问题以及患者的身体状况相关。
,,train-04252-345630706439,valid,modern_research,4252,椿皮在中医中有哪些用途？,椿皮在中医中通常被用来清热燥湿、收敛止泻。它对于治疗湿热泻痢、久泻、久痢等症状有一定的疗效。此外，椿皮外用还可以治疗皮肤瘙痒、湿疹等皮肤病。
,,train-00066-c04b353f61e2,valid,syndromes_and_theory,66,湿毒血瘀证是一种什么病证？请简要描述一下。,湿毒血瘀证是中医学中的一种病证，它是指体内湿邪、热毒和血瘀相互交织，导致气血运行不畅，出现一系列症状。这种病证常见于皮肤病、关节疼痛、消化系统疾病等。治疗湿毒血瘀证的方法包括清热解毒、活血化瘀、祛湿等，常用的中草药有黄连、黄芩、丹参等。
,,train-00252-378b60d7b69d,valid,syndromes_and_theory,252,分析'脉弦滑数'这一脉象在中医诊断中的意义。,脉弦滑数是中医脉学中的一种脉象，脉弦主肝郁、脉滑主痰湿、脉数主热。这一脉象通常提示患者体内存在肝郁气滞、痰湿内蕴和有热邪。在临床诊断中，脉弦滑数常见于痰湿内阻、肝胆湿热、食积化热等病证。中医会结合患者的具体症状和其他脉象来综合判断，以确定病因病机，并制定相应的治疗方案。
,,train-00661-a326d7935927,valid,syndromes_and_theory,661,什么是痹证？,痹证是中医学中的一种疾病分类，指的是因风、寒、湿、热等外邪侵袭，导致气血运行不畅，筋骨、肌肉、关节等发生疼痛、酸楚、麻木、肿胀等症状的病证。
,,train-00707-3bfa336f72f8,valid,syndromes_and_theory,707,在中医理论中，寒邪入侵会如何影响人体机能？,在中医理论中，寒邪侵入体后通常会影响身体的阳气与血气运行，导致阳虚体质进一步下降。症状可能表现为寒战、肢冷、怕寒等，严重者可能出现脉细无力、舌淡苔白等。同时可能会引发一系列寒证性疾病，如咳嗽痰多清稀、胸痛等，并影响消化系统，引起腹泻或便秘。长期寒邪侵袭容易造成身体抵抗力下降，诱发多种慢性病或加重原有疾病症状。
,,train-01299-fd6b75275a92,valid,syndromes_and_theory,1299,什么是肝胃虚寒证？,肝胃虚寒证是中医学中的一种证候，主要表现为胃脘冷痛，喜温喜按，食少便溏，畏寒肢冷，舌淡苔白，脉沉细。治疗应以温中健脾为主。
,,train-01525-f0927f7fa66a,valid,syndromes_and_theory,1525,胆热痰扰证是什么证候？,胆热痰扰证是中医学中的一种证候，主要表现为胸胁胀满、口苦、咽干、头晕目眩、恶心呕吐、小便黄赤、大便干燥等症状。此证多因情志不畅、饮食不节等原因导致肝胆气郁化火，痰热内生，扰及心神而致。治疗时宜清热化痰，疏肝利胆。
,,train-02162-b63b2b0ffb07,valid,syndromes_and_theory,2162,中医认为，心主神明，心气不足会导致记忆力减退、失眠等症状。请简要概述心气不足的证候特点。,心气不足的证候特点主要表现为心悸、气短、乏力、记忆力减退、失眠、多梦、脉细弱等。患者常伴有情绪低落、面色苍白、舌质淡等症状。
,,train-02283-f858f2c306a7,valid,syndromes_and_theory,2283,天冬和赤小豆是补药吗？,天冬属于补益药物中滋阴润燥的品种，主要用于治疗因阴虚所致的症状；赤小豆则是利水消肿、清热解毒的药物。两者都具有特定的药理功能，但并不是所有情况都适合使用它们进行调治，在使用之前应了解具体的身体状况和病症类型，并由专业的中医师指导使用。
,,train-03678-0b518312c5c4,valid,syndromes_and_theory,3678,女贞子在中医中有什么作用？,女贞子在中医中主要用于滋补肝肾、明目降压。适用于肝肾阴虚、视力模糊、高血压等症状的治疗。
,,train-03729-3c4d440251aa,valid,syndromes_and_theory,3729,请用一段话描述中医中的证候概念。,证候是中医学中用于描述疾病发生、发展过程中某一阶段的病理概括。它包括了病因、病位、病性和邪正斗争的关系，是中医诊断和治疗的重要依据。
,,train-04522-83780e05803c,valid,syndromes_and_theory,4522,请分析心火偏亢和营虚证的共同点和不同点。,心火偏亢和营虚证都是中医学中的病证，但它们有明显的不同点。心火偏亢主要表现为心悸、失眠、口苦等症状，是由于心脏阳气过盛所致。而营虚证则主要表现为疲乏无力、面色苍白、心悸等症状，是由于气血不足所致。两者共同点在于都可以导致心悸的症状，但心火偏亢是由于阳气过盛，而营虚证是由于气血不足。治疗心火偏亢需要清热降火，而治疗营虚证需要补益气血。
,,train-05270-5a084aa8e192,valid,syndromes_and_theory,5270,中医认为，心脉气滞证与哪些脏腑功能失调有关？,心脉气滞证与心、肝、脾三脏功能失调有关。心主血脉，肝主疏泄，脾主运化，三脏功能失调会导致气血运行不畅，从而引发心脉气滞证。
,,train-05301-f85335f78250,valid,syndromes_and_theory,5301,我经常感觉头晕和疲劳，这可能与哪些中医病证相关？,根据你的症状（头晕和疲劳），你可能是气虚或气血两虚的表现。在中医中，这可能是由多种原因导致的，例如过度劳累、长期营养不良或慢性疾病的影响。建议进一步详细询问病情并提供完整的个人健康信息，以便更准确地进行诊断和提供针对性的中医调理建议。
,,train-05421-3bc59caf096f,valid,syndromes_and_theory,5421,请分析水蛭在中医临床应用中的药效及注意事项。,水蛭在中医临床中主要用于破血逐瘀，治疗瘀血证。但因其药性猛烈，易伤正气，故孕妇、血虚、有出血倾向者忌用。使用时需严格掌握剂量，并注意观察患者反应。
,,train-05536-6232818ebca0,valid,syndromes_and_theory,5536,我最近经常感到头晕眼花，中医可能会考虑哪些病因？,头晕眼花在中医看来，可能与肝肾阴虚、气血不足、痰湿中阻等多种病因有关。具体需要结合舌象、脉象等综合判断。
